species	gene_id	N	S	dN	dS	omega	t	qc_flag	used	excl_reason
a_halleri	101241at33090	937.2	322.8	0.00210	0.04020	0.05260	0.03600	ok	1	
a_halleri	101701at33090	2012.1	621.9	0.00780	0.06080	0.12840	0.06100	ok	1	
a_halleri	102307at33090	774.4	254.6	0.00000	0.01050	0.00010	0.00800	omega_boundary	1	
a_halleri	103267at33090	1416.5	473.5	0.01420	0.02940	0.48350	0.05400	ok	1	
a_halleri	103382at33090	830.6	273.4	0.02130	0.06560	0.32420	0.09700	ok	1	
a_halleri	104557at33090	1006.8	376.2	0.00590	0.03580	0.16540	0.04200	ok	1	
a_halleri	104821at33090	1018.0	311.0	0.01020	0.06400	0.15970	0.06800	ok	1	
a_halleri	104867at33090	2135.4	612.6	0.01310	0.06400	0.20450	0.07300	ok	1	
a_halleri	105044at33090	1673.8	489.2	0.00330	0.03990	0.08180	0.03500	ok	1	
a_halleri	105782at33090	804.8	284.2	0.00250	0.01700	0.14620	0.01900	ok	1	
a_halleri	105867at33090	949.3	331.7	0.00740	0.04700	0.15780	0.05300	ok	1	
a_halleri	106769at33090	865.3	283.7	0.00820	0.08730	0.09370	0.08300	ok	1	
a_halleri	106886at33090	980.8	261.2	0.00000	0.06870	0.00010	0.04300	omega_boundary	1	
a_halleri	107107at33090	1180.6	343.4	0.01340	0.07790	0.17200	0.08400	ok	1	
a_halleri	108705at33090	1017.7	377.3	0.01210	0.07590	0.15990	0.08800	ok	1	
a_halleri	10924at33090	2197.5	694.5	0.00810	0.03680	0.21890	0.04500	ok	1	
a_halleri	109586at33090	1150.3	391.7	0.00410	0.04860	0.08360	0.04600	ok	1	
a_halleri	109823at33090	771.2	296.8	0.00260	0.02640	0.09740	0.02800	ok	1	
a_halleri	110222at33090	1373.0	391.0	0.01010	0.05400	0.18690	0.05900	ok	1	
a_halleri	111210at33090	826.5	268.5	0.00360	0.04340	0.08260	0.04000	ok	1	
a_halleri	111213at33090	746.6	294.4	0.00970	0.05410	0.18020	0.06700	ok	1	
a_halleri	111249at33090	912.0	297.0	0.01390	0.04740	0.29300	0.06600	ok	1	
a_halleri	111924at33090	742.9	232.1	0.00600	0.06520	0.09190	0.06000	ok	1	
a_halleri	112325at33090	860.5	255.5	0.00930	0.08250	0.11260	0.07800	ok	1	
a_halleri	112461at33090	1284.7	389.3	0.00770	0.02920	0.26340	0.03800	ok	1	
a_halleri	112542at33090	765.1	299.9	0.01340	0.07140	0.18750	0.08900	ok	1	
a_halleri	114996at33090	2996.6	948.4	0.00670	0.04060	0.16510	0.04500	ok	1	
a_halleri	115240at33090	923.0	319.0	0.00110	0.04860	0.02180	0.04000	ok	1	
a_halleri	115992at33090	648.8	248.2	0.00160	0.04320	0.03630	0.03900	ok	1	
a_halleri	116411at33090	822.2	272.8	0.00240	0.06110	0.04000	0.05100	ok	1	
a_halleri	116516at33090	1216.8	427.2	0.00690	0.05450	0.12570	0.05800	ok	1	
a_halleri	116585at33090	845.0	277.0	0.00430	0.03690	0.11540	0.03700	ok	1	
a_halleri	116623at33090	913.7	298.3	0.01540	0.12560	0.12290	0.12800	ok	1	
a_halleri	117191at33090	862.8	343.2	0.00350	0.06150	0.05660	0.06000	ok	1	
a_halleri	117247at33090	776.7	264.3	0.00910	0.08970	0.10150	0.08900	ok	1	
a_halleri	11800at33090	2847.9	947.1	0.00780	0.07430	0.10540	0.07300	ok	1	
a_halleri	119439at33090	1010.2	393.8	0.00710	0.03730	0.19080	0.04700	ok	1	
a_halleri	120031at33090	922.8	331.2	0.01480	0.01830	0.80830	0.04700	ok	1	
a_halleri	120455at33090	706.3	280.7	0.01230	0.06190	0.19830	0.07900	ok	1	
a_halleri	120589at33090	1227.4	359.6	0.00490	0.06940	0.07110	0.05900	ok	1	
a_halleri	121281at33090	771.5	293.5	0.01060	0.06120	0.17260	0.07400	ok	1	
a_halleri	122367at33090	1009.7	418.3	0.01340	0.04280	0.31370	0.06600	ok	1	
a_halleri	122422at33090	733.0	233.0	0.00410	0.07980	0.05150	0.06700	ok	1	
a_halleri	122831at33090	1240.9	373.1	0.00870	0.10230	0.08480	0.09100	ok	1	
a_halleri	122958at33090	766.4	229.6	0.01130	0.02450	0.46230	0.04300	ok	1	
a_halleri	123838at33090	780.6	254.4	0.01240	0.05850	0.21240	0.07100	ok	1	
a_halleri	125747at33090	759.1	224.9	0.00410	0.04660	0.08780	0.04100	ok	1	
a_halleri	126138at33090	1209.1	404.9	0.00310	0.04690	0.06570	0.04200	ok	1	
a_halleri	126427at33090	721.4	244.6	0.01110	0.05980	0.18540	0.07000	ok	1	
a_halleri	128774at33090	623.0	220.0	0.00970	0.01580	0.61270	0.03400	ok	1	
a_halleri	130268at33090	804.9	260.1	0.00350	0.07040	0.04920	0.05900	ok	1	
a_halleri	130279at33090	904.1	319.9	0.01490	0.07280	0.20410	0.09000	ok	1	
a_halleri	13039at33090	2189.1	726.9	0.00840	0.06230	0.13440	0.06500	ok	1	
a_halleri	130637at33090	1044.3	362.7	0.00740	0.08280	0.08960	0.08100	ok	1	
a_halleri	131556at33090	1068.5	350.5	0.00880	0.02980	0.29600	0.04200	ok	1	
a_halleri	131874at33090	1471.9	553.1	0.00690	0.04790	0.14450	0.05400	ok	1	
a_halleri	131914at33090	712.9	250.1	0.00700	0.05800	0.12070	0.06100	ok	1	
a_halleri	133112at33090	917.2	324.8	0.00760	0.05890	0.12830	0.06300	ok	1	
a_halleri	133622at33090	861.5	254.5	0.02350	0.06250	0.37560	0.09700	ok	1	
a_halleri	134078at33090	729.0	261.0	0.00280	0.04230	0.06550	0.04000	ok	1	
a_halleri	135419at33090	937.5	313.5	0.00530	0.06250	0.08540	0.05900	ok	1	
a_halleri	135892at33090	1216.4	415.6	0.00660	0.05660	0.11590	0.05800	ok	1	
a_halleri	136118at33090	1473.0	468.0	0.00950	0.07140	0.13340	0.07300	ok	1	
a_halleri	136267at33090	755.8	267.2	0.01260	0.03200	0.39280	0.05300	ok	1	
a_halleri	1363at33090	3646.6	1171.4	0.00390	0.02580	0.15190	0.02800	ok	1	
a_halleri	13643at33090	1841.2	666.8	0.00160	0.05190	0.03140	0.04500	ok	1	
a_halleri	136579at33090	1015.0	311.0	0.01540	0.07150	0.21470	0.08600	ok	1	
a_halleri	137018at33090	888.9	320.1	0.00410	0.06770	0.06070	0.06300	ok	1	
a_halleri	137771at33090	1559.1	438.9	0.00590	0.07190	0.08150	0.06100	ok	1	
a_halleri	137787at33090	1490.5	447.5	0.01300	0.06140	0.21210	0.07300	ok	1	
a_halleri	138782at33090	749.2	252.8	0.00940	0.09120	0.10330	0.09000	ok	1	
a_halleri	139062at33090	831.7	260.3	0.01590	0.02740	0.58120	0.05600	ok	1	
a_halleri	139450at33090	1045.1	289.9	0.01700	0.03390	0.50250	0.06200	ok	1	
a_halleri	139497at33090	2434.6	721.4	0.01140	0.06530	0.17440	0.07100	ok	1	
a_halleri	140683at33090	782.7	297.3	0.01580	0.05790	0.27240	0.08200	ok	1	
a_halleri	140876at33090	651.6	230.4	0.00310	0.03100	0.09850	0.03100	ok	1	
a_halleri	141861at33090	662.9	213.1	0.02700	0.06250	0.43170	0.10700	ok	1	
a_halleri	1419at33090	4124.4	1443.6	0.00970	0.03540	0.27500	0.04900	ok	1	
a_halleri	142382at33090	758.5	246.5	0.00740	0.06840	0.10850	0.06700	ok	1	
a_halleri	142433at33090	777.5	278.5	0.01730	0.07930	0.21830	0.10100	ok	1	
a_halleri	143102at33090	893.6	351.4	0.00670	0.04810	0.13950	0.05500	ok	1	
a_halleri	143347at33090	750.5	242.5	0.00690	0.05440	0.12700	0.05600	ok	1	
a_halleri	143963at33090	716.2	276.8	0.02900	0.04600	0.63050	0.10100	ok	1	
a_halleri	144144at33090	469.0	146.0	0.00650	0.06230	0.10390	0.05900	ok	1	
a_halleri	144680at33090	500.3	183.7	0.01900	0.00000	999.00000	0.04200	omega_boundary	1	
a_halleri	144716at33090	651.0	222.0	0.06500	0.12080	0.53830	0.23800	ok	1	
a_halleri	144765at33090	743.5	294.5	0.00440	0.06300	0.07020	0.06300	ok	1	
a_halleri	144990at33090	672.5	236.5	0.00230	0.07090	0.03240	0.06000	ok	1	
a_halleri	145061at33090	1429.3	517.7	0.01010	0.04940	0.20490	0.06200	ok	1	
a_halleri	145734at33090	954.6	251.4	0.00220	0.08580	0.02590	0.05900	ok	1	
a_halleri	146354at33090	662.9	243.1	0.00770	0.12080	0.06360	0.11400	ok	1	
a_halleri	146469at33090	597.0	231.0	0.01020	0.09520	0.10760	0.10200	ok	1	
a_halleri	146772at33090	692.9	237.1	0.00940	0.12600	0.07460	0.11700	ok	1	
a_halleri	146921at33090	536.2	198.8	0.00000	0.06500	0.00010	0.05300	omega_boundary	1	
a_halleri	147083at33090	769.7	265.3	0.01120	0.06050	0.18420	0.07100	ok	1	
a_halleri	147262at33090	795.7	332.3	0.01500	0.06670	0.22410	0.09100	ok	1	
a_halleri	148839at33090	946.8	292.2	0.00100	0.03770	0.02670	0.02900	ok	1	
a_halleri	149782at33090	572.0	196.0	0.00420	0.05640	0.07500	0.05300	ok	1	
a_halleri	150559at33090	654.5	164.5	0.04050	0.11370	0.35610	0.16600	ok	1	
a_halleri	152317at33090	675.3	263.7	0.01050	0.05810	0.18030	0.07200	ok	1	
a_halleri	153820at33090	980.6	333.4	0.00520	0.07130	0.07240	0.06600	ok	1	
a_halleri	154870at33090	1504.0	524.0	0.00490	0.05630	0.08620	0.05400	ok	1	
a_halleri	155102at33090	642.5	218.5	0.00470	0.02920	0.16120	0.03300	ok	1	
a_halleri	1557at33090	3871.1	1261.9	0.00880	0.04230	0.20860	0.05100	ok	1	
a_halleri	15682at33090	1890.7	653.3	0.00310	0.04110	0.07620	0.03900	ok	1	
a_halleri	156843at33090	596.0	217.0	0.00160	0.05700	0.02890	0.04900	ok	1	
a_halleri	156887at33090	611.6	201.4	0.00830	0.06610	0.12560	0.06800	ok	1	
a_halleri	158492at33090	615.1	173.9	0.00320	0.06940	0.04670	0.05300	ok	1	
a_halleri	158957at33090	549.0	168.0	0.02570	0.02120	1.20820	0.07400	ok	1	
a_halleri	160064at33090	423.6	146.4	0.00470	0.06580	0.07210	0.06100	ok	1	
a_halleri	160610at33090	708.3	251.7	0.01400	0.08400	0.16720	0.09700	ok	1	
a_halleri	160680at33090	1610.6	534.4	0.00200	0.03160	0.06250	0.02800	ok	1	
a_halleri	161054at33090	825.3	305.7	0.01240	0.05550	0.22400	0.07200	ok	1	
a_halleri	161066at33090	856.4	349.6	0.01600	0.05560	0.28710	0.08200	ok	1	
a_halleri	161269at33090	510.4	179.6	0.01200	0.05290	0.22730	0.06800	ok	1	
a_halleri	161309at33090	1131.7	350.3	0.00710	0.02580	0.27320	0.03400	ok	1	
a_halleri	161559at33090	665.9	264.1	0.00460	0.05300	0.08660	0.05500	ok	1	
a_halleri	162794at33090	650.0	217.0	0.00000	0.00000	0.00010	0.00000	omega_boundary	1	
a_halleri	163097at33090	964.9	346.1	0.00780	0.03900	0.19940	0.04800	ok	1	
a_halleri	163701at33090	681.8	215.2	0.00980	0.05900	0.16660	0.06500	ok	1	
a_halleri	163833at33090	952.0	341.0	0.00310	0.02910	0.10770	0.03000	ok	1	
a_halleri	164019at33090	800.1	252.9	0.01370	0.01000	1.37650	0.03800	ok	1	
a_halleri	164556at33090	593.6	219.4	0.01610	0.02570	0.62510	0.05600	ok	1	
a_halleri	165103at33090	666.0	228.0	0.01360	0.19960	0.06810	0.18300	ok	1	
a_halleri	166645at33090	4121.5	1344.5	0.00570	0.02660	0.21310	0.03200	ok	1	
a_halleri	167076at33090	519.9	161.1	0.01400	0.08350	0.16740	0.09100	ok	1	
a_halleri	167217at33090	565.0	188.0	0.00170	0.10920	0.01570	0.08600	ok	1	
a_halleri	16726at33090	2046.1	716.9	0.00980	0.04560	0.21430	0.05700	ok	1	
a_halleri	167325at33090	572.4	216.6	0.00840	0.01930	0.43750	0.03400	ok	1	
a_halleri	167809at33090	429.5	167.5	0.00000	0.07420	0.00010	0.06300	omega_boundary	1	
a_halleri	167850at33090	509.0	166.0	0.01610	0.07340	0.21940	0.09100	ok	1	
a_halleri	167932at33090	553.6	202.4	0.00910	0.04490	0.20260	0.05600	ok	1	
a_halleri	168269at33090	574.2	181.8	0.01040	0.03940	0.26480	0.05200	ok	1	
a_halleri	168270at33090	855.9	266.1	0.00230	0.01400	0.16690	0.01500	ok	1	
a_halleri	168563at33090	511.4	190.6	0.00760	0.06590	0.11520	0.07000	ok	1	
a_halleri	169007at33090	475.9	190.1	0.01070	0.09030	0.11820	0.10000	ok	1	
a_halleri	170939at33090	1075.4	361.6	0.00180	0.05590	0.03160	0.04600	ok	1	
a_halleri	170945at33090	1202.2	435.8	0.00850	0.06590	0.12970	0.07100	ok	1	
a_halleri	171195at33090	541.4	178.6	0.01200	0.10820	0.11050	0.10800	ok	1	
a_halleri	171627at33090	441.1	128.9	0.01110	0.13870	0.08040	0.12000	ok	1	
a_halleri	171708at33090	711.4	254.6	0.00280	0.03110	0.09030	0.03100	ok	1	
a_halleri	171767at33090	558.9	221.1	0.00810	0.03470	0.23230	0.04700	ok	1	
a_halleri	172000at33090	980.8	321.2	0.00650	0.06520	0.10040	0.06300	ok	1	
a_halleri	172535at33090	1012.7	334.3	0.01130	0.04910	0.23070	0.06200	ok	1	
a_halleri	172666at33090	604.5	208.5	0.01540	0.11310	0.13650	0.12100	ok	1	
a_halleri	173119at33090	695.1	201.9	0.01930	0.08610	0.22350	0.10300	ok	1	
a_halleri	173143at33090	1417.2	769.8	0.00940	0.04260	0.22020	0.06300	ok	1	
a_halleri	173477at33090	440.6	132.4	0.00450	0.05540	0.08190	0.04900	ok	1	
a_halleri	174213at33090	577.9	157.1	0.01020	0.03980	0.25560	0.05000	ok	1	
a_halleri	174767at33090	508.2	178.8	0.00200	0.06300	0.03150	0.05400	ok	1	
a_halleri	175583at33090	465.0	147.0	0.01330	0.01800	0.73900	0.04300	ok	1	
a_halleri	175792at33090	541.3	136.7	0.00750	0.03800	0.19790	0.04100	ok	1	
a_halleri	176016at33090	386.3	135.7	0.00000	0.04510	0.00010	0.03500	omega_boundary	1	
a_halleri	176328at33090	1189.6	400.4	0.00450	0.03780	0.12030	0.03900	ok	1	
a_halleri	177296at33090	368.1	114.9	0.01390	0.12420	0.11220	0.12000	ok	1	
a_halleri	177720at33090	1584.2	578.8	0.01340	0.04920	0.27150	0.06900	ok	1	
a_halleri	177964at33090	577.5	190.5	0.00700	0.07630	0.09110	0.07200	ok	1	
a_halleri	178386at33090	679.8	232.2	0.00830	0.06580	0.12590	0.06900	ok	1	
a_halleri	179975at33090	610.5	229.5	0.00660	0.03470	0.18980	0.04300	ok	1	
a_halleri	180408at33090	595.5	205.5	0.01180	0.04980	0.23750	0.06500	ok	1	
a_halleri	180466at33090	726.2	260.8	0.01320	0.04240	0.31190	0.06300	ok	1	
a_halleri	180674at33090	672.4	263.6	0.00300	0.03700	0.08040	0.03800	ok	1	
a_halleri	181108at33090	520.5	196.5	0.01580	0.05960	0.26550	0.08300	ok	1	
a_halleri	182493at33090	686.4	264.6	0.01180	0.03480	0.33960	0.05500	ok	1	
a_halleri	182513at33090	943.5	343.5	0.00800	0.06790	0.11740	0.07200	ok	1	
a_halleri	183313at33090	761.3	213.7	0.00800	0.08160	0.09840	0.07200	ok	1	
a_halleri	183396at33090	493.2	142.8	0.00610	0.09680	0.06280	0.07900	ok	1	
a_halleri	183719at33090	1086.9	377.1	0.01710	0.07100	0.24010	0.09300	ok	1	
a_halleri	183931at33090	739.6	202.4	0.00140	0.06010	0.02280	0.04200	ok	1	
a_halleri	184405at33090	1105.8	349.2	0.03420	0.07360	0.46500	0.13100	ok	1	
a_halleri	18455at33090	1716.6	557.4	0.00480	0.03750	0.12750	0.03800	ok	1	
a_halleri	185172at33090	425.2	144.8	0.00470	0.05150	0.09180	0.05000	ok	1	
a_halleri	185214at33090	611.6	228.4	0.00550	0.03200	0.17300	0.03800	ok	1	
a_halleri	1855at33090	4762.2	1609.8	0.01060	0.04470	0.23750	0.05800	ok	1	
a_halleri	185696at33090	1436.7	426.3	0.01530	0.07290	0.21050	0.08500	ok	1	
a_halleri	185941at33090	537.8	203.2	0.02870	0.06630	0.43340	0.11700	ok	1	
a_halleri	186340at33090	616.1	244.9	0.02100	0.03730	0.56360	0.07700	ok	1	
a_halleri	187462at33090	1060.5	343.5	0.00300	0.04660	0.06510	0.04100	ok	1	
a_halleri	187866at33090	290.4	108.6	0.01500	0.02300	0.65210	0.05100	ok	1	
a_halleri	187914at33090	993.1	308.9	0.00640	0.05190	0.12270	0.05100	ok	1	
a_halleri	18801at33090	2327.3	801.7	0.00900	0.05090	0.17640	0.05900	ok	1	
a_halleri	188180at33090	513.3	176.7	0.00980	0.04740	0.20790	0.05800	ok	1	
a_halleri	188436at33090	511.2	184.8	0.00200	0.08990	0.02180	0.07600	ok	1	
a_halleri	188583at33090	894.7	311.3	0.01640	0.05340	0.30620	0.07800	ok	1	
a_halleri	188938at33090	609.8	221.2	0.02130	0.10420	0.20420	0.13000	ok	1	
a_halleri	189891at33090	815.2	288.8	0.00630	0.09050	0.06950	0.08500	ok	1	
a_halleri	190390at33090	733.1	244.9	0.01630	0.01820	0.89760	0.05000	ok	1	
a_halleri	191396at33090	884.8	264.2	0.00800	0.10970	0.07250	0.09400	ok	1	
a_halleri	191581at33090	593.5	198.5	0.00340	0.05360	0.06250	0.04800	ok	1	
a_halleri	192090at33090	1799.0	517.0	0.00920	0.07080	0.12960	0.06900	ok	1	
a_halleri	192456at33090	476.1	144.9	0.01020	0.00000	999.00000	0.02300	omega_boundary	1	
a_halleri	192750at33090	640.7	196.3	0.00160	0.06440	0.02420	0.04900	ok	1	
a_halleri	193351at33090	260.4	78.6	0.00380	0.12110	0.03160	0.09300	ok	1	
a_halleri	193437at33090	608.7	180.3	0.01040	0.07400	0.14090	0.07500	ok	1	
a_halleri	193683at33090	554.5	156.5	0.00540	0.06610	0.08240	0.05600	ok	1	
a_halleri	193777at33090	714.4	263.6	0.01290	0.06900	0.18630	0.08400	ok	1	
a_halleri	193982at33090	503.6	168.4	0.01090	0.07950	0.13710	0.08400	ok	1	
a_halleri	194002at33090	528.9	164.1	0.01220	0.00130	9.02540	0.02900	ok	1	
a_halleri	194293at33090	758.5	243.5	0.01010	0.04630	0.21940	0.05700	ok	1	
a_halleri	194372at33090	344.5	108.5	0.01370	0.05610	0.24390	0.07200	ok	1	
a_halleri	194467at33090	569.6	243.4	0.00360	0.02790	0.12740	0.03300	ok	1	
a_halleri	195185at33090	631.1	211.9	0.00990	0.10070	0.09850	0.09800	ok	1	
a_halleri	195354at33090	464.7	162.3	0.01720	0.05860	0.29360	0.08400	ok	1	
a_halleri	195527at33090	942.4	317.6	0.00200	0.04640	0.04360	0.04000	ok	1	
a_halleri	195843at33090	526.8	163.2	0.01400	0.09130	0.15290	0.09700	ok	1	
a_halleri	196198at33090	387.2	161.8	0.00230	0.03030	0.07720	0.03200	ok	1	
a_halleri	196324at33090	639.9	182.1	0.01520	0.06330	0.23980	0.07800	ok	1	
a_halleri	196325at33090	762.2	266.8	0.00480	0.09280	0.05160	0.08300	ok	1	
a_halleri	196410at33090	525.5	137.5	0.00310	0.09940	0.03100	0.06900	ok	1	
a_halleri	196443at33090	470.9	192.1	0.01760	0.03710	0.47500	0.07000	ok	1	
a_halleri	196490at33090	771.2	281.8	0.01620	0.04960	0.32620	0.07500	ok	1	
a_halleri	196512at33090	1112.9	348.1	0.01060	0.08670	0.12280	0.08600	ok	1	
a_halleri	196850at33090	479.1	165.9	0.00250	0.02980	0.08290	0.02800	ok	1	
a_halleri	196873at33090	419.1	150.9	0.00920	0.08150	0.11230	0.08500	ok	1	
a_halleri	196991at33090	647.9	147.1	0.00290	0.04370	0.06700	0.03100	ok	1	
a_halleri	197780at33090	779.9	261.1	0.01330	0.06140	0.21640	0.07600	ok	1	
a_halleri	197838at33090	397.4	127.6	0.00730	0.03020	0.24350	0.03900	ok	1	
a_halleri	198012at33090	335.8	123.2	0.01200	0.06690	0.17980	0.08000	ok	1	
a_halleri	198570at33090	751.2	229.8	0.00410	0.07140	0.05680	0.06000	ok	1	
a_halleri	199163at33090	846.5	314.5	0.01780	0.07390	0.24050	0.09900	ok	1	
a_halleri	199618at33090	994.8	298.2	0.01020	0.10830	0.09440	0.09900	ok	1	
a_halleri	199795at33090	482.1	183.9	0.02150	0.09100	0.23670	0.12200	ok	1	
a_halleri	200316at33090	1032.0	360.0	0.00530	0.03290	0.16100	0.03700	ok	1	
a_halleri	200488at33090	969.0	306.0	0.01030	0.07790	0.13270	0.08000	ok	1	
a_halleri	200499at33090	853.2	310.8	0.00830	0.03310	0.25100	0.04500	ok	1	
a_halleri	200687at33090	536.1	171.9	0.00830	0.04210	0.19720	0.05000	ok	1	
a_halleri	201861at33090	481.6	178.4	0.00080	0.02770	0.02840	0.02400	ok	1	
a_halleri	203023at33090	427.3	136.7	0.00850	0.13540	0.06280	0.11800	ok	1	
a_halleri	203383at33090	823.3	232.7	0.00660	0.05420	0.12170	0.05100	ok	1	
a_halleri	203818at33090	427.9	145.1	0.00460	0.01940	0.23910	0.02500	ok	1	
a_halleri	204117at33090	718.6	235.4	0.04290	0.10910	0.39380	0.17800	ok	1	
a_halleri	204880at33090	609.2	230.8	0.01070	0.05370	0.19860	0.06800	ok	1	
a_halleri	205308at33090	636.0	186.0	0.00460	0.04640	0.09800	0.04200	ok	1	
a_halleri	206164at33090	394.1	148.9	0.00250	0.07180	0.03490	0.06500	ok	1	
a_halleri	206170at33090	514.4	181.6	0.00980	0.05920	0.16510	0.06800	ok	1	
a_halleri	207179at33090	859.6	286.4	0.00190	0.04800	0.03980	0.04000	ok	1	
a_halleri	208706at33090	625.0	191.0	0.00810	0.05740	0.14120	0.05900	ok	1	
a_halleri	208707at33090	315.0	114.0	0.01560	0.10150	0.15400	0.11500	ok	1	
a_halleri	208849at33090	253.4	82.6	0.00790	0.06970	0.11390	0.06900	ok	1	
a_halleri	209015at33090	588.2	173.8	0.00000	0.06960	0.00010	0.04800	omega_boundary	1	
a_halleri	209301at33090	816.5	263.5	0.00660	0.07330	0.08990	0.06900	ok	1	
a_halleri	209302at33090	588.6	215.4	0.01360	0.06600	0.20610	0.08300	ok	1	
a_halleri	209516at33090	562.4	163.6	0.00630	0.04930	0.12810	0.04800	ok	1	
a_halleri	210493at33090	348.2	71.8	0.00000	0.04680	0.00010	0.02400	omega_boundary	1	
a_halleri	210551at33090	566.6	189.4	0.01190	0.02830	0.42230	0.04800	ok	1	
a_halleri	210851at33090	432.7	152.3	0.01320	0.07990	0.16500	0.09200	ok	1	
a_halleri	21163at33090	2194.8	679.2	0.00890	0.06850	0.12980	0.06900	ok	1	
a_halleri	211645at33090	453.6	134.4	0.01120	0.02860	0.39330	0.04600	ok	1	
a_halleri	212331at33090	793.9	319.1	0.00370	0.07440	0.05020	0.07200	ok	1	
a_halleri	212845at33090	597.2	239.8	0.00790	0.09170	0.08650	0.09600	ok	1	
a_halleri	213827at33090	483.7	185.3	0.01130	0.07810	0.14440	0.08900	ok	1	
a_halleri	213828at33090	415.3	169.7	0.00730	0.07470	0.09780	0.08100	ok	1	
a_halleri	214313at33090	424.1	91.9	0.03210	0.06650	0.48340	0.11500	ok	1	
a_halleri	215062at33090	492.0	162.0	0.02270	0.10510	0.21590	0.12900	ok	1	
a_halleri	215487at33090	293.8	114.2	0.01130	0.10380	0.10910	0.11200	ok	1	
a_halleri	215817at33090	864.7	281.3	0.00450	0.03430	0.13220	0.03600	ok	1	
a_halleri	216228at33090	551.5	204.5	0.00610	0.09750	0.06270	0.09300	ok	1	
a_halleri	216601at33090	459.5	134.5	0.01470	0.06340	0.23280	0.07700	ok	1	
a_halleri	217014at33090	651.6	236.4	0.01790	0.05960	0.29960	0.08700	ok	1	
a_halleri	21751at33090	2307.9	893.1	0.00450	0.04100	0.11040	0.04400	ok	1	
a_halleri	21857at33090	1660.7	550.3	0.00870	0.05240	0.16640	0.05900	ok	1	
a_halleri	218947at33090	272.8	84.2	0.00730	0.10280	0.07120	0.09000	ok	1	
a_halleri	219128at33090	253.1	88.9	0.00970	0.04990	0.19480	0.06100	ok	1	
a_halleri	219839at33090	378.1	131.9	0.00530	0.04790	0.11090	0.04900	ok	1	
a_halleri	220316at33090	561.1	194.9	0.00900	0.08000	0.11290	0.08200	ok	1	
a_halleri	220587at33090	632.9	207.1	0.01060	0.07980	0.13240	0.08300	ok	1	
a_halleri	220589at33090	1082.6	375.4	0.02220	0.04050	0.54670	0.08100	ok	1	
a_halleri	22109at33090	1591.5	553.5	0.00630	0.07650	0.08250	0.07300	ok	1	
a_halleri	223902at33090	326.5	111.5	0.01560	0.06950	0.22490	0.08800	ok	1	
a_halleri	225336at33090	483.5	182.5	0.00790	0.03780	0.20980	0.04800	ok	1	
a_halleri	22618at33090	1797.5	629.5	0.00820	0.02850	0.28840	0.04000	ok	1	
a_halleri	227848at33090	571.2	184.8	0.01420	0.06240	0.22730	0.07800	ok	1	
a_halleri	228201at33090	738.4	269.6	0.01400	0.05180	0.27040	0.07200	ok	1	
a_halleri	22958at33090	2049.9	680.1	0.00540	0.04920	0.10960	0.04900	ok	1	
a_halleri	229764at33090	841.7	301.3	0.00960	0.07240	0.13320	0.07900	ok	1	
a_halleri	229778at33090	383.0	166.0	0.00850	0.06480	0.13070	0.07600	ok	1	
a_halleri	229782at33090	369.8	125.2	0.04010	0.03930	1.02110	0.12000	ok	1	
a_halleri	230103at33090	1069.9	361.1	0.00500	0.04460	0.11200	0.04500	ok	1	
a_halleri	231151at33090	699.2	230.8	0.01130	0.03810	0.29740	0.05400	ok	1	
a_halleri	231707at33090	607.4	208.6	0.00670	0.07090	0.09380	0.06900	ok	1	
a_halleri	233744at33090	390.6	143.4	0.00770	0.03680	0.21070	0.04700	ok	1	
a_halleri	23444at33090	1679.9	507.1	0.00830	0.06300	0.13110	0.06300	ok	1	
a_halleri	23853at33090	2009.2	720.8	0.00810	0.03540	0.22950	0.04600	ok	1	
a_halleri	24838at33090	2099.2	675.8	0.00680	0.04870	0.14030	0.05100	ok	1	
a_halleri	24at33090	11341.4	3868.6	0.00540	0.02500	0.21780	0.03100	ok	1	
a_halleri	25435at33090	2172.2	656.8	0.00720	0.04520	0.16000	0.04800	ok	1	
a_halleri	255at33090	5732.7	1980.3	0.00300	0.02790	0.10670	0.02800	ok	1	
a_halleri	26868at33090	1553.9	540.1	0.01250	0.05740	0.21780	0.07200	ok	1	
a_halleri	27237at33090	1793.6	615.4	0.00660	0.04300	0.15300	0.04800	ok	1	
a_halleri	27607at33090	1532.3	555.7	0.00150	0.04310	0.03400	0.03800	ok	1	
a_halleri	28920at33090	1787.7	606.3	0.00500	0.04490	0.11170	0.04500	ok	1	
a_halleri	31855at33090	1560.1	602.9	0.00660	0.05020	0.13060	0.05600	ok	1	
a_halleri	32730at33090	1391.4	396.6	0.01050	0.05850	0.17980	0.06300	ok	1	
a_halleri	32923at33090	1564.6	505.4	0.00760	0.04250	0.17860	0.04800	ok	1	
a_halleri	33264at33090	1347.4	467.6	0.01890	0.05270	0.35870	0.08300	ok	1	
a_halleri	34517at33090	1766.4	714.6	0.00400	0.05680	0.07010	0.05800	ok	1	
a_halleri	35499at33090	1560.0	561.0	0.00660	0.05030	0.13030	0.05400	ok	1	
a_halleri	35887at33090	1940.9	600.1	0.00980	0.04900	0.20040	0.05700	ok	1	
a_halleri	36284at33090	1708.9	610.1	0.00480	0.03850	0.12560	0.04100	ok	1	
a_halleri	37663at33090	1452.8	551.2	0.00490	0.05140	0.09520	0.05300	ok	1	
a_halleri	37699at33090	1882.8	592.2	0.01530	0.03870	0.39530	0.06300	ok	1	
a_halleri	39913at33090	1628.5	594.5	0.00370	0.01920	0.19370	0.02400	ok	1	
a_halleri	4034at33090	3101.6	1044.4	0.00650	0.03990	0.16210	0.04500	ok	1	
a_halleri	40630at33090	1761.2	599.8	0.00830	0.04180	0.19820	0.05000	ok	1	
a_halleri	41146at33090	1404.0	468.0	0.00780	0.05800	0.13420	0.06100	ok	1	
a_halleri	4115at33090	2478.8	839.2	0.00570	0.04790	0.11910	0.04900	ok	1	
a_halleri	41244at33090	1295.5	462.5	0.00550	0.05480	0.10030	0.05500	ok	1	
a_halleri	42407at33090	1288.1	373.9	0.01020	0.03570	0.28620	0.04800	ok	1	
a_halleri	43683at33090	1472.9	495.1	0.00910	0.03770	0.24060	0.04900	ok	1	
a_halleri	43957at33090	2025.6	671.4	0.01030	0.04460	0.23170	0.05700	ok	1	
a_halleri	44063at33090	1304.6	411.4	0.00870	0.07480	0.11620	0.07400	ok	1	
a_halleri	44526at33090	1442.8	483.2	0.00690	0.04940	0.13970	0.05300	ok	1	
a_halleri	46307at33090	1310.7	450.3	0.00300	0.06260	0.04830	0.05500	ok	1	
a_halleri	48027at33090	1278.9	431.1	0.00600	0.05680	0.10500	0.05600	ok	1	
a_halleri	48290at33090	1454.7	480.3	0.01460	0.09080	0.16120	0.10100	ok	1	
a_halleri	48645at33090	1364.1	420.9	0.00450	0.03230	0.13810	0.03300	ok	1	
a_halleri	49092at33090	1241.7	426.3	0.00160	0.07040	0.02290	0.05800	ok	1	
a_halleri	50512at33090	1181.6	339.4	0.02180	0.11970	0.18190	0.13100	ok	1	
a_halleri	50528at33090	1243.3	370.7	0.01260	0.07090	0.17750	0.07800	ok	1	
a_halleri	51214at33090	1390.6	439.4	0.00350	0.05190	0.06720	0.04500	ok	1	
a_halleri	51262at33090	1563.4	545.6	0.01360	0.01700	0.80160	0.04300	ok	1	
a_halleri	52795at33090	1335.3	467.7	0.00920	0.04530	0.20190	0.05600	ok	1	
a_halleri	5305at33090	2391.6	698.4	0.98360	70.37120	0.01400	50.00000	ok	0	ds>1.5
a_halleri	53416at33090	1076.0	439.0	0.01410	0.07650	0.18380	0.09600	ok	1	
a_halleri	53527at33090	2158.9	697.1	0.00410	0.04820	0.08530	0.04500	ok	1	
a_halleri	58672at33090	1018.8	349.2	0.00670	0.09880	0.06760	0.09100	ok	1	
a_halleri	5927at33090	2922.1	1052.9	0.01220	0.03700	0.32880	0.05600	ok	1	
a_halleri	60262at33090	1033.0	341.0	0.00000	0.07490	0.00010	0.05600	omega_boundary	1	
a_halleri	62262at33090	1035.0	360.0	0.00980	0.02620	0.37490	0.04200	ok	1	
a_halleri	63411at33090	1159.8	421.2	0.00660	0.08710	0.07560	0.08400	ok	1	
a_halleri	63853at33090	1067.6	348.4	0.00750	0.05530	0.13640	0.05800	ok	1	
a_halleri	64272at33090	2067.5	611.5	0.00960	0.05680	0.16940	0.06100	ok	1	
a_halleri	6512at33090	2628.8	839.2	0.00970	0.05640	0.17230	0.06300	ok	1	
a_halleri	65263at33090	1355.4	411.6	0.00580	0.06300	0.09180	0.05700	ok	1	
a_halleri	67132at33090	1513.7	496.3	0.00300	0.02960	0.10210	0.02900	ok	1	
a_halleri	67389at33090	1223.4	381.6	0.00330	0.04590	0.07180	0.04000	ok	1	
a_halleri	68169at33090	1774.0	656.0	0.00800	0.04870	0.16490	0.05700	ok	1	
a_halleri	6843at33090	1803.3	608.7	0.00260	0.05830	0.04470	0.05000	ok	1	
a_halleri	68537at33090	1018.2	373.8	0.00790	0.05800	0.13630	0.06400	ok	1	
a_halleri	68957at33090	1266.6	443.4	0.00350	0.04620	0.07500	0.04400	ok	1	
a_halleri	69073at33090	1041.5	371.5	0.01000	0.06350	0.15820	0.07200	ok	1	
a_halleri	69137at33090	1263.7	383.3	0.00750	0.05820	0.12920	0.05800	ok	1	
a_halleri	69505at33090	1094.1	288.9	0.02910	0.06460	0.45070	0.11000	ok	1	
a_halleri	70613at33090	1026.9	353.1	0.00610	0.03230	0.19020	0.03900	ok	1	
a_halleri	71620at33090	1035.1	326.9	0.00390	0.06340	0.06160	0.05500	ok	1	
a_halleri	72992at33090	1302.4	386.6	0.00530	0.08790	0.05990	0.07300	ok	1	
a_halleri	7366at33090	2497.1	724.9	0.00380	0.03980	0.09490	0.03600	ok	1	
a_halleri	74230at33090	1071.4	332.6	0.01300	0.09610	0.13530	0.09800	ok	1	
a_halleri	74742at33090	1042.3	358.7	0.00630	0.04060	0.15480	0.04500	ok	1	
a_halleri	76849at33090	1312.4	454.6	0.00730	0.05000	0.14600	0.05500	ok	1	
a_halleri	79950at33090	976.7	337.3	0.01500	0.05690	0.26410	0.07700	ok	1	
a_halleri	8072at33090	2133.5	740.5	0.00190	0.02600	0.07220	0.02400	ok	1	
a_halleri	83749at33090	1029.5	350.5	0.00510	0.03870	0.13170	0.04100	ok	1	
a_halleri	84264at33090	1727.6	567.4	0.01570	0.04600	0.34030	0.06900	ok	1	
a_halleri	87347at33090	2141.9	714.1	0.01000	0.05080	0.19740	0.06100	ok	1	
a_halleri	87734at33090	1035.4	362.6	0.01060	0.04040	0.26280	0.05500	ok	1	
a_halleri	88295at33090	1008.9	356.1	0.00210	0.07060	0.02930	0.06000	ok	1	
a_halleri	88687at33090	988.4	322.6	0.00400	0.03250	0.12420	0.03300	ok	1	
a_halleri	88771at33090	1233.1	431.9	0.00570	0.05240	0.10870	0.05300	ok	1	
a_halleri	89796at33090	1484.1	555.9	0.00750	0.07880	0.09550	0.08100	ok	1	
a_halleri	90301at33090	1024.2	361.8	0.00290	0.04020	0.07220	0.03800	ok	1	
a_halleri	9044at33090	2349.9	815.1	0.00620	0.05800	0.10730	0.05900	ok	1	
a_halleri	9058at33090	3281.3	1029.7	0.00970	0.03800	0.25610	0.04900	ok	1	
a_halleri	90872at33090	1030.6	331.4	0.01060	0.05070	0.20890	0.06100	ok	1	
a_halleri	92579at33090	857.2	351.8	0.01350	0.03050	0.44330	0.05500	ok	1	
a_halleri	95807at33090	956.1	339.9	0.01120	0.06610	0.17010	0.07700	ok	1	
a_halleri	96953at33090	883.9	274.1	0.01260	0.10480	0.12030	0.10300	ok	1	
a_halleri	97593at33090	915.7	323.3	0.01190	0.04810	0.24780	0.06400	ok	1	
a_halleri	9849at33090	2398.9	823.1	0.01340	0.04090	0.32740	0.06100	ok	1	
a_thaliana	101241at33090	937.4	322.6	0.00640	0.06880	0.09300	0.06700	ok	1	
a_thaliana	101701at33090	2012.0	622.0	0.00990	0.07700	0.12920	0.07700	ok	1	
a_thaliana	102307at33090	774.4	254.6	0.00640	0.04650	0.13830	0.04900	ok	1	
a_thaliana	103267at33090	1416.5	473.5	0.02250	0.06640	0.33940	0.10100	ok	1	
a_thaliana	103382at33090	830.7	273.3	0.02120	0.08230	0.25780	0.10900	ok	1	
a_thaliana	104557at33090	1007.0	376.0	0.01150	0.04060	0.28330	0.05800	ok	1	
a_thaliana	104821at33090	1017.8	311.2	0.00800	0.09310	0.08570	0.08400	ok	1	
a_thaliana	104867at33090	2135.3	612.7	0.01270	0.08930	0.14240	0.08900	ok	1	
a_thaliana	105044at33090	1673.9	489.1	0.00950	0.12090	0.07870	0.10400	ok	1	
a_thaliana	105782at33090	804.7	284.3	0.00510	0.04020	0.12610	0.04300	ok	1	
a_thaliana	105867at33090	949.2	331.8	0.00740	0.07300	0.10180	0.07300	ok	1	
a_thaliana	106769at33090	865.3	283.7	0.00580	0.08590	0.06780	0.07700	ok	1	
a_thaliana	106886at33090	980.5	261.5	0.00930	0.21820	0.04240	0.16000	ok	1	
a_thaliana	107107at33090	1180.8	343.2	0.01890	0.05850	0.32350	0.08400	ok	1	
a_thaliana	108705at33090	1017.5	377.5	0.01670	0.08070	0.20680	0.10200	ok	1	
a_thaliana	10924at33090	2197.5	694.5	0.00680	0.03740	0.18280	0.04300	ok	1	
a_thaliana	109586at33090	1150.1	391.9	0.01380	0.10040	0.13740	0.10700	ok	1	
a_thaliana	109823at33090	771.0	297.0	0.00660	0.03030	0.21870	0.04000	ok	1	
a_thaliana	110222at33090	1372.9	391.1	0.01230	0.07790	0.15770	0.08000	ok	1	
a_thaliana	111210at33090	826.3	268.7	0.00360	0.05360	0.06720	0.04800	ok	1	
a_thaliana	111213at33090	746.7	294.3	0.01090	0.04400	0.24740	0.06100	ok	1	
a_thaliana	111249at33090	911.7	297.3	0.02410	0.07350	0.32780	0.10900	ok	1	
a_thaliana	111924at33090	743.1	231.9	0.00630	0.09420	0.06680	0.08200	ok	1	
a_thaliana	112325at33090	860.5	255.5	0.00570	0.11220	0.05090	0.09000	ok	1	
a_thaliana	112461at33090	1284.8	389.2	0.00510	0.04130	0.12390	0.04100	ok	1	
a_thaliana	112542at33090	765.1	299.9	0.00940	0.08090	0.11600	0.08900	ok	1	
a_thaliana	114996at33090	2996.5	948.5	0.01180	0.04680	0.25210	0.06100	ok	1	
a_thaliana	115240at33090	922.8	319.2	0.00430	0.06980	0.06210	0.06400	ok	1	
a_thaliana	115992at33090	648.8	248.2	0.00310	0.05990	0.05250	0.05700	ok	1	
a_thaliana	116411at33090	822.3	272.7	0.00490	0.07770	0.06350	0.06900	ok	1	
a_thaliana	116516at33090	1216.7	427.3	0.00560	0.09150	0.06170	0.08400	ok	1	
a_thaliana	116585at33090	844.8	277.2	0.00900	0.06490	0.13900	0.06800	ok	1	
a_thaliana	116623at33090	913.4	298.6	0.02410	0.05480	0.43940	0.09500	ok	1	
a_thaliana	117191at33090	862.8	343.2	0.00470	0.04770	0.09760	0.05100	ok	1	
a_thaliana	117247at33090	776.7	264.3	0.00920	0.07320	0.12630	0.07600	ok	1	
a_thaliana	11800at33090	2848.0	947.0	0.00610	0.08100	0.07500	0.07400	ok	1	
a_thaliana	119439at33090	1010.3	393.7	0.00600	0.06430	0.09270	0.06700	ok	1	
a_thaliana	120031at33090	922.8	331.2	0.02360	0.05230	0.45130	0.09400	ok	1	
a_thaliana	120455at33090	706.3	280.7	0.01220	0.06820	0.17960	0.08400	ok	1	
a_thaliana	120589at33090	1227.4	359.6	0.00670	0.08550	0.07800	0.07400	ok	1	
a_thaliana	121281at33090	771.5	293.5	0.01070	0.09750	0.10960	0.10400	ok	1	
a_thaliana	122367at33090	1009.8	418.2	0.02230	0.08890	0.25070	0.12500	ok	1	
a_thaliana	122422at33090	733.1	232.9	0.00690	0.09160	0.07510	0.08200	ok	1	
a_thaliana	122831at33090	1240.9	373.1	0.01400	0.09420	0.14860	0.09800	ok	1	
a_thaliana	122958at33090	766.0	230.0	0.01130	0.08010	0.14170	0.08200	ok	1	
a_thaliana	123838at33090	780.9	254.1	0.02210	0.04660	0.47480	0.08400	ok	1	
a_thaliana	125747at33090	759.4	224.6	0.00960	0.06990	0.13680	0.07000	ok	1	
a_thaliana	126138at33090	1208.9	405.1	0.01480	0.06550	0.22650	0.08300	ok	1	
a_thaliana	126427at33090	721.3	244.7	0.03180	0.11030	0.28850	0.15500	ok	1	
a_thaliana	128774at33090	623.1	219.9	0.01160	0.06720	0.17270	0.07800	ok	1	
a_thaliana	130268at33090	804.4	260.6	0.00880	0.12860	0.06830	0.11400	ok	1	
a_thaliana	130279at33090	904.1	319.9	0.01050	0.12030	0.08690	0.11700	ok	1	
a_thaliana	13039at33090	2189.1	726.9	0.00940	0.07870	0.11930	0.08000	ok	1	
a_thaliana	130637at33090	1044.1	362.9	0.00720	0.06120	0.11690	0.06300	ok	1	
a_thaliana	131556at33090	1068.5	350.5	0.01230	0.09570	0.12890	0.09900	ok	1	
a_thaliana	131874at33090	1471.9	553.1	0.00640	0.05510	0.11710	0.05900	ok	1	
a_thaliana	131914at33090	713.0	250.0	0.00860	0.07570	0.11370	0.07800	ok	1	
a_thaliana	133112at33090	917.1	324.9	0.00770	0.05320	0.14510	0.05900	ok	1	
a_thaliana	133622at33090	861.6	254.4	0.02500	0.09620	0.25970	0.12400	ok	1	
a_thaliana	134078at33090	729.0	261.0	0.00700	0.08980	0.07820	0.08700	ok	1	
a_thaliana	135419at33090	937.5	313.5	0.00980	0.09440	0.10380	0.09300	ok	1	
a_thaliana	135892at33090	1216.4	415.6	0.00920	0.10700	0.08600	0.10200	ok	1	
a_thaliana	136118at33090	1473.1	467.9	0.01080	0.06610	0.16350	0.07200	ok	1	
a_thaliana	136267at33090	755.9	267.1	0.02000	0.04350	0.45990	0.07800	ok	1	
a_thaliana	1363at33090	3646.6	1171.4	0.00740	0.05250	0.14130	0.05500	ok	1	
a_thaliana	13643at33090	1841.1	666.9	0.00330	0.06410	0.05100	0.05800	ok	1	
a_thaliana	136579at33090	1015.0	311.0	0.00820	0.05540	0.14780	0.05800	ok	1	
a_thaliana	137018at33090	888.8	320.2	0.00480	0.08340	0.05810	0.07700	ok	1	
a_thaliana	137771at33090	1559.1	438.9	0.01050	0.08020	0.13080	0.07700	ok	1	
a_thaliana	137787at33090	1490.6	447.4	0.02290	0.12470	0.18340	0.13900	ok	1	
a_thaliana	138782at33090	749.1	252.9	0.00810	0.08770	0.09290	0.08500	ok	1	
a_thaliana	139062at33090	832.1	259.9	0.00720	0.04540	0.15960	0.04900	ok	1	
a_thaliana	139450at33090	1046.0	289.0	0.01340	0.14370	0.09330	0.12500	ok	1	
a_thaliana	139497at33090	2434.6	721.4	0.01420	0.07790	0.18250	0.08600	ok	1	
a_thaliana	140683at33090	782.7	297.3	0.01460	0.04190	0.34920	0.06600	ok	1	
a_thaliana	140876at33090	651.5	230.5	0.01250	0.10330	0.12100	0.10900	ok	1	
a_thaliana	141861at33090	663.0	213.0	0.02320	0.11880	0.19550	0.13900	ok	1	
a_thaliana	1419at33090	4124.4	1443.6	0.01800	0.06100	0.29440	0.08700	ok	1	
a_thaliana	142382at33090	758.4	246.6	0.00900	0.10620	0.08480	0.09900	ok	1	
a_thaliana	142433at33090	777.6	278.4	0.04080	0.09470	0.43120	0.16500	ok	1	
a_thaliana	143102at33090	893.6	351.4	0.01040	0.06290	0.16590	0.07600	ok	1	
a_thaliana	143347at33090	750.6	242.4	0.00950	0.08660	0.10950	0.08500	ok	1	
a_thaliana	143963at33090	716.3	276.7	0.01760	0.06920	0.25490	0.09600	ok	1	
a_thaliana	144144at33090	469.1	145.9	0.00650	0.04680	0.13810	0.04800	ok	1	
a_thaliana	144680at33090	501.3	182.7	0.00890	0.00000	999.00000	0.01900	omega_boundary	1	
a_thaliana	144716at33090	651.0	222.0	0.03150	0.10290	0.30610	0.14900	ok	1	
a_thaliana	144765at33090	743.4	294.6	0.01230	0.07690	0.16000	0.09200	ok	1	
a_thaliana	144990at33090	671.8	237.2	0.00510	0.09310	0.05460	0.08400	ok	1	
a_thaliana	145061at33090	1429.4	517.6	0.01380	0.06220	0.22150	0.08000	ok	1	
a_thaliana	145734at33090	954.7	251.3	0.02390	0.21400	0.11140	0.19000	ok	1	
a_thaliana	146354at33090	662.8	243.2	0.00810	0.06550	0.12430	0.07100	ok	1	
a_thaliana	146469at33090	597.0	231.0	0.01020	0.10410	0.09840	0.10900	ok	1	
a_thaliana	146772at33090	692.7	237.3	0.01090	0.05790	0.18870	0.06900	ok	1	
a_thaliana	146921at33090	536.2	198.8	0.00740	0.15540	0.04750	0.14200	ok	1	
a_thaliana	147083at33090	769.8	265.2	0.02100	0.09180	0.22840	0.11700	ok	1	
a_thaliana	147262at33090	795.6	332.4	0.01120	0.08460	0.13180	0.09800	ok	1	
a_thaliana	148839at33090	947.4	291.6	0.01400	0.06010	0.23270	0.07500	ok	1	
a_thaliana	149782at33090	572.2	195.8	0.00340	0.06140	0.05490	0.05500	ok	1	
a_thaliana	150559at33090	654.7	164.3	0.00830	0.07870	0.10560	0.06700	ok	1	
a_thaliana	152317at33090	675.2	263.8	0.02310	0.07260	0.31840	0.11100	ok	1	
a_thaliana	153820at33090	980.5	333.5	0.00830	0.07030	0.11850	0.07200	ok	1	
a_thaliana	154870at33090	1504.1	523.9	0.01140	0.05840	0.19480	0.07100	ok	1	
a_thaliana	155102at33090	642.4	218.6	0.01270	0.04630	0.27370	0.06400	ok	1	
a_thaliana	1557at33090	3871.0	1262.0	0.01290	0.05420	0.23850	0.06900	ok	1	
a_thaliana	15682at33090	1890.9	653.1	0.00430	0.07220	0.05950	0.06500	ok	1	
a_thaliana	156843at33090	596.1	216.9	0.00500	0.06300	0.07980	0.06100	ok	1	
a_thaliana	156887at33090	611.7	201.3	0.00000	0.06330	0.00010	0.04700	omega_boundary	1	
a_thaliana	158492at33090	614.9	174.1	0.00660	0.11890	0.05530	0.09400	ok	1	
a_thaliana	158957at33090	549.1	167.9	0.01560	0.07070	0.22010	0.08500	ok	1	
a_thaliana	160064at33090	423.8	146.2	0.00000	0.08500	0.00010	0.06500	omega_boundary	1	
a_thaliana	160610at33090	708.2	251.8	0.01860	0.05520	0.33700	0.08500	ok	1	
a_thaliana	160680at33090	1610.6	534.4	0.01210	0.03120	0.38590	0.05000	ok	1	
a_thaliana	161054at33090	825.3	305.7	0.01890	0.05350	0.35280	0.08500	ok	1	
a_thaliana	161066at33090	856.6	349.4	0.01940	0.07690	0.25210	0.10800	ok	1	
a_thaliana	161269at33090	510.5	179.5	0.00580	0.07000	0.08270	0.06700	ok	1	
a_thaliana	161309at33090	1131.8	350.2	0.01680	0.04810	0.34950	0.07300	ok	1	
a_thaliana	161559at33090	665.8	264.2	0.01070	0.05170	0.20700	0.06700	ok	1	
a_thaliana	162794at33090	649.8	217.2	0.00150	0.11030	0.01390	0.08600	ok	1	
a_thaliana	163097at33090	965.0	346.0	0.01650	0.08170	0.20210	0.10100	ok	1	
a_thaliana	163701at33090	681.9	215.1	0.00940	0.06150	0.15240	0.06600	ok	1	
a_thaliana	163833at33090	951.9	341.1	0.00970	0.04290	0.22650	0.05500	ok	1	
a_thaliana	164019at33090	799.4	253.6	0.01950	0.03850	0.50640	0.07200	ok	1	
a_thaliana	164556at33090	593.6	219.4	0.01940	0.06310	0.30670	0.09300	ok	1	
a_thaliana	165103at33090	666.2	227.8	0.00000	0.00000	0.00010	0.00000	omega_boundary	1	
a_thaliana	166645at33090	4121.7	1344.3	0.01090	0.04040	0.26870	0.05400	ok	1	
a_thaliana	167076at33090	520.2	160.8	0.00190	0.08000	0.02420	0.06100	ok	1	
a_thaliana	167217at33090	565.0	188.0	0.01260	0.13690	0.09220	0.13100	ok	1	
a_thaliana	16726at33090	2046.1	716.9	0.01510	0.04990	0.30270	0.07200	ok	1	
a_thaliana	167325at33090	572.5	216.5	0.02720	0.05880	0.46210	0.10700	ok	1	
a_thaliana	167809at33090	429.4	167.6	0.00470	0.09570	0.04890	0.09100	ok	1	
a_thaliana	167850at33090	509.0	166.0	0.01430	0.03150	0.45370	0.05600	ok	1	
a_thaliana	167932at33090	553.6	202.4	0.04130	0.08580	0.48160	0.16000	ok	1	
a_thaliana	168269at33090	574.2	181.8	0.00870	0.05740	0.15080	0.06100	ok	1	
a_thaliana	168270at33090	855.9	266.1	0.00360	0.07310	0.04910	0.06000	ok	1	
a_thaliana	168563at33090	511.5	190.5	0.03710	0.14860	0.24950	0.20200	ok	1	
a_thaliana	169007at33090	476.0	190.0	0.00420	0.08270	0.05090	0.08000	ok	1	
a_thaliana	170939at33090	1075.9	361.1	0.00830	0.07700	0.10820	0.07700	ok	1	
a_thaliana	170945at33090	1202.1	435.9	0.00580	0.07490	0.07730	0.07300	ok	1	
a_thaliana	171195at33090	541.4	178.6	0.01590	0.14560	0.10930	0.14400	ok	1	
a_thaliana	171627at33090	441.0	129.0	0.00220	0.07710	0.02870	0.05700	ok	1	
a_thaliana	171708at33090	711.4	254.6	0.01000	0.05430	0.18450	0.06500	ok	1	
a_thaliana	171767at33090	558.9	221.1	0.01470	0.08330	0.17620	0.10200	ok	1	
a_thaliana	172000at33090	980.9	321.1	0.00590	0.05230	0.11200	0.05200	ok	1	
a_thaliana	172535at33090	1012.7	334.3	0.01120	0.06560	0.17030	0.07400	ok	1	
a_thaliana	172666at33090	604.5	208.5	0.01680	0.05180	0.32360	0.07700	ok	1	
a_thaliana	173119at33090	695.0	202.0	0.02200	0.14480	0.15170	0.14900	ok	1	
a_thaliana	173143at33090	1417.2	769.8	0.02070	0.06420	0.32160	0.10800	ok	1	
a_thaliana	173477at33090	440.7	132.3	0.00000	0.07470	0.00010	0.05200	omega_boundary	1	
a_thaliana	174213at33090	577.8	157.2	0.00970	0.12300	0.07880	0.10200	ok	1	
a_thaliana	174767at33090	508.2	178.8	0.00200	0.06370	0.03100	0.05400	ok	1	
a_thaliana	175583at33090	465.0	147.0	0.01770	0.05220	0.33970	0.07800	ok	1	
a_thaliana	175792at33090	541.6	136.4	0.00750	0.11310	0.06670	0.08600	ok	1	
a_thaliana	176016at33090	386.3	135.7	0.00000	0.04890	0.00010	0.03800	omega_boundary	1	
a_thaliana	176328at33090	1189.4	400.6	0.03220	0.15030	0.21440	0.18600	ok	1	
a_thaliana	177296at33090	368.1	114.9	0.00280	0.05330	0.05190	0.04400	ok	1	
a_thaliana	177720at33090	1584.3	578.7	0.01520	0.07430	0.20440	0.09300	ok	1	
a_thaliana	177964at33090	577.5	190.5	0.00700	0.05250	0.13290	0.05500	ok	1	
a_thaliana	178386at33090	679.9	232.1	0.00340	0.04290	0.07840	0.04000	ok	1	
a_thaliana	179975at33090	610.6	229.4	0.00500	0.11800	0.04190	0.10800	ok	1	
a_thaliana	180408at33090	595.5	205.5	0.00230	0.05290	0.04410	0.04600	ok	1	
a_thaliana	180466at33090	726.2	260.8	0.01070	0.05570	0.19270	0.06800	ok	1	
a_thaliana	180674at33090	672.5	263.5	0.00300	0.05130	0.05890	0.05000	ok	1	
a_thaliana	181108at33090	520.4	196.6	0.00780	0.11280	0.06920	0.11000	ok	1	
a_thaliana	182493at33090	686.5	264.5	0.01070	0.11380	0.09430	0.11800	ok	1	
a_thaliana	182513at33090	943.5	343.5	0.01200	0.08540	0.14100	0.09500	ok	1	
a_thaliana	183313at33090	761.5	213.5	0.01190	0.07650	0.15560	0.07800	ok	1	
a_thaliana	183396at33090	493.2	142.8	0.01010	0.09190	0.11000	0.08500	ok	1	
a_thaliana	183719at33090	1086.9	377.1	0.01360	0.04790	0.28280	0.06700	ok	1	
a_thaliana	183931at33090	739.4	202.6	0.00140	0.09850	0.01380	0.06700	ok	1	
a_thaliana	184405at33090	1105.8	349.2	0.03490	0.11030	0.31630	0.15900	ok	1	
a_thaliana	18455at33090	1716.6	557.4	0.01030	0.04900	0.20990	0.05900	ok	1	
a_thaliana	185172at33090	425.1	144.9	0.00240	0.04450	0.05330	0.03900	ok	1	
a_thaliana	185214at33090	611.6	228.4	0.00970	0.06410	0.15070	0.07300	ok	1	
a_thaliana	1855at33090	4762.2	1609.8	0.01130	0.05650	0.19960	0.06800	ok	1	
a_thaliana	185696at33090	1436.9	426.1	0.02340	0.10100	0.23150	0.12300	ok	1	
a_thaliana	185941at33090	537.9	203.1	0.00720	0.06550	0.10920	0.06900	ok	1	
a_thaliana	186340at33090	616.3	244.7	0.01120	0.06960	0.16050	0.08300	ok	1	
a_thaliana	187462at33090	1060.4	343.6	0.01320	0.10370	0.12700	0.10600	ok	1	
a_thaliana	187866at33090	290.4	108.6	0.02560	0.07970	0.32110	0.12100	ok	1	
a_thaliana	187914at33090	993.3	308.7	0.00900	0.09810	0.09140	0.09000	ok	1	
a_thaliana	18801at33090	2327.4	801.6	0.01110	0.07250	0.15370	0.08100	ok	1	
a_thaliana	188180at33090	513.2	176.8	0.00800	0.04470	0.17870	0.05200	ok	1	
a_thaliana	188436at33090	511.1	184.9	0.00000	0.06820	0.00010	0.05400	omega_boundary	1	
a_thaliana	188583at33090	894.4	311.6	0.01260	0.06460	0.19510	0.07800	ok	1	
a_thaliana	188938at33090	609.8	221.2	0.06400	0.12720	0.50340	0.24200	ok	1	
a_thaliana	189891at33090	815.2	288.8	0.00370	0.08230	0.04470	0.07300	ok	1	
a_thaliana	190390at33090	732.9	245.1	0.01540	0.08930	0.17230	0.10200	ok	1	
a_thaliana	191396at33090	884.5	264.5	0.01130	0.09580	0.11810	0.09200	ok	1	
a_thaliana	191581at33090	593.5	198.5	0.01380	0.09190	0.14960	0.10000	ok	1	
a_thaliana	192090at33090	1798.8	517.2	0.01370	0.07130	0.19290	0.08000	ok	1	
a_thaliana	192456at33090	475.4	145.6	0.73750	68.69110	0.01070	50.00000	ok	0	ds>1.5
a_thaliana	192750at33090	640.7	196.3	0.00160	0.07030	0.02220	0.05300	ok	1	
a_thaliana	193351at33090	260.5	78.5	0.01170	0.19020	0.06160	0.15900	ok	1	
a_thaliana	193437at33090	608.7	180.3	0.04110	0.12250	0.33590	0.17900	ok	1	
a_thaliana	193683at33090	554.5	156.5	0.00910	0.11250	0.08090	0.09600	ok	1	
a_thaliana	193777at33090	714.4	263.6	0.00270	0.05840	0.04610	0.05300	ok	1	
a_thaliana	193982at33090	503.5	168.5	0.01730	0.06800	0.25470	0.09000	ok	1	
a_thaliana	194002at33090	529.5	163.5	0.02730	0.08940	0.30510	0.12600	ok	1	
a_thaliana	194293at33090	758.3	243.7	0.04770	0.10410	0.45830	0.18400	ok	1	
a_thaliana	194372at33090	344.1	108.9	0.00400	0.18260	0.02200	0.14100	ok	1	
a_thaliana	194467at33090	569.8	243.2	0.00700	0.08300	0.08400	0.08900	ok	1	
a_thaliana	195185at33090	631.1	211.9	0.01430	0.11950	0.11960	0.12200	ok	1	
a_thaliana	195354at33090	464.4	162.6	0.01240	0.07060	0.17550	0.08200	ok	1	
a_thaliana	195527at33090	942.8	317.2	0.00640	0.07840	0.08140	0.07400	ok	1	
a_thaliana	195843at33090	526.8	163.2	0.00960	0.05260	0.18270	0.05900	ok	1	
a_thaliana	196198at33090	387.2	161.8	0.00780	0.04780	0.16290	0.05900	ok	1	
a_thaliana	196324at33090	639.9	182.1	0.01940	0.15230	0.12760	0.14700	ok	1	
a_thaliana	196325at33090	762.0	267.0	0.01000	0.04810	0.20860	0.06000	ok	1	
a_thaliana	196410at33090	525.5	137.5	0.05650	0.26030	0.21700	0.29600	ok	1	
a_thaliana	196443at33090	471.0	192.0	0.01410	0.05570	0.25380	0.07900	ok	1	
a_thaliana	196490at33090	771.1	281.9	0.01270	0.06750	0.18870	0.08200	ok	1	
a_thaliana	196512at33090	1112.5	348.5	0.01310	0.11030	0.11880	0.10900	ok	1	
a_thaliana	196850at33090	479.1	165.9	0.02080	0.11960	0.17380	0.13900	ok	1	
a_thaliana	196873at33090	418.8	151.2	0.00480	0.01130	0.42770	0.02000	ok	1	
a_thaliana	196991at33090	647.7	147.3	0.01120	0.13410	0.08340	0.10200	ok	1	
a_thaliana	197780at33090	779.9	261.1	0.01680	0.08200	0.20510	0.10000	ok	1	
a_thaliana	197838at33090	397.4	127.6	0.01540	0.08770	0.17550	0.09900	ok	1	
a_thaliana	198012at33090	335.8	123.2	0.00610	0.11260	0.05380	0.10400	ok	1	
a_thaliana	198570at33090	751.3	229.7	0.01340	0.05580	0.24050	0.07000	ok	1	
a_thaliana	199163at33090	846.6	314.4	0.02770	0.06880	0.40250	0.11600	ok	1	
a_thaliana	199618at33090	994.7	298.3	0.01230	0.13440	0.09140	0.12100	ok	1	
a_thaliana	199795at33090	482.2	183.8	0.01260	0.09720	0.12940	0.10800	ok	1	
a_thaliana	200316at33090	1032.0	360.0	0.01340	0.10730	0.12520	0.11300	ok	1	
a_thaliana	200488at33090	968.9	306.1	0.00720	0.05010	0.14320	0.05200	ok	1	
a_thaliana	200499at33090	853.2	310.8	0.01070	0.10460	0.10250	0.10700	ok	1	
a_thaliana	200687at33090	536.1	171.9	0.01480	0.20550	0.07220	0.18300	ok	1	
a_thaliana	201861at33090	481.4	178.6	0.00790	0.06580	0.11960	0.07100	ok	1	
a_thaliana	203023at33090	427.0	137.0	0.01060	0.07520	0.14160	0.07900	ok	1	
a_thaliana	203383at33090	823.4	232.6	0.01820	0.12370	0.14720	0.12400	ok	1	
a_thaliana	203818at33090	427.6	145.4	0.00710	0.08030	0.08790	0.07700	ok	1	
a_thaliana	204117at33090	718.6	235.4	0.01370	0.13270	0.10290	0.12900	ok	1	
a_thaliana	204880at33090	609.2	230.8	0.01310	0.08800	0.14900	0.10100	ok	1	
a_thaliana	205308at33090	636.0	186.0	0.02120	0.08320	0.25420	0.10600	ok	1	
a_thaliana	206164at33090	394.0	149.0	0.00500	0.07260	0.06930	0.07100	ok	1	
a_thaliana	206170at33090	514.5	181.5	0.01170	0.13540	0.08640	0.13200	ok	1	
a_thaliana	207179at33090	859.7	286.3	0.08530	0.23970	0.35590	0.37200	ok	1	
a_thaliana	208706at33090	624.9	191.1	0.01140	0.06270	0.18140	0.07000	ok	1	
a_thaliana	208707at33090	315.0	114.0	0.00940	0.12950	0.07240	0.12400	ok	1	
a_thaliana	208849at33090	253.4	82.6	0.01590	0.09820	0.16200	0.10800	ok	1	
a_thaliana	209015at33090	588.6	173.4	0.00800	0.11940	0.06670	0.10000	ok	1	
a_thaliana	209301at33090	816.5	263.5	0.01280	0.04810	0.26530	0.06400	ok	1	
a_thaliana	209302at33090	588.8	215.2	0.00750	0.06710	0.11190	0.07000	ok	1	
a_thaliana	209516at33090	562.4	163.6	0.00830	0.06920	0.11980	0.06600	ok	1	
a_thaliana	210493at33090	348.2	71.8	0.00580	0.18990	0.03030	0.11200	ok	1	
a_thaliana	210551at33090	566.7	189.3	0.01210	0.08420	0.14310	0.09000	ok	1	
a_thaliana	210851at33090	432.6	152.4	0.00910	0.05560	0.16390	0.06400	ok	1	
a_thaliana	21163at33090	2195.1	678.9	0.01360	0.07530	0.18120	0.08500	ok	1	
a_thaliana	211645at33090	453.8	134.2	0.00690	0.07010	0.09830	0.06400	ok	1	
a_thaliana	212331at33090	793.7	319.3	0.00500	0.06430	0.07840	0.06600	ok	1	
a_thaliana	212845at33090	597.2	239.8	0.02180	0.08660	0.25110	0.12100	ok	1	
a_thaliana	213827at33090	483.7	185.3	0.01580	0.09150	0.17250	0.11000	ok	1	
a_thaliana	213828at33090	415.4	169.6	0.00490	0.13060	0.03770	0.12400	ok	1	
a_thaliana	214313at33090	424.1	91.9	0.01950	0.07840	0.24890	0.09000	ok	1	
a_thaliana	215062at33090	492.0	162.0	0.01900	0.06870	0.27630	0.09400	ok	1	
a_thaliana	215487at33090	294.3	113.7	0.04180	0.06270	0.66590	0.14300	ok	1	
a_thaliana	215817at33090	864.7	281.3	0.00950	0.08700	0.10890	0.08500	ok	1	
a_thaliana	216228at33090	551.6	204.4	0.01250	0.07630	0.16410	0.08900	ok	1	
a_thaliana	216601at33090	459.2	134.8	0.01770	0.07550	0.23410	0.09200	ok	1	
a_thaliana	217014at33090	651.6	236.4	0.02440	0.08450	0.28840	0.12100	ok	1	
a_thaliana	21751at33090	2308.1	892.9	0.00630	0.04370	0.14410	0.05000	ok	1	
a_thaliana	21857at33090	1660.7	550.3	0.01100	0.06120	0.18030	0.07100	ok	1	
a_thaliana	218947at33090	272.8	84.2	0.00370	0.08250	0.04520	0.06700	ok	1	
a_thaliana	219128at33090	252.9	89.1	0.02030	0.09500	0.21320	0.11900	ok	1	
a_thaliana	219839at33090	378.1	131.9	0.00000	0.08610	0.00010	0.06700	omega_boundary	1	
a_thaliana	220316at33090	561.2	194.8	0.01250	0.07980	0.15720	0.09000	ok	1	
a_thaliana	220587at33090	632.9	207.1	0.00680	0.06850	0.09930	0.06600	ok	1	
a_thaliana	220589at33090	1082.8	375.2	0.02840	0.08190	0.34690	0.12700	ok	1	
a_thaliana	22109at33090	1591.4	553.6	0.00960	0.07650	0.12550	0.08100	ok	1	
a_thaliana	223902at33090	326.5	111.5	0.00610	0.05180	0.11690	0.05300	ok	1	
a_thaliana	225336at33090	483.5	182.5	0.01950	0.10970	0.17780	0.13300	ok	1	
a_thaliana	22618at33090	1797.7	629.3	0.01280	0.07620	0.16790	0.08800	ok	1	
a_thaliana	227848at33090	571.3	184.7	0.00910	0.03420	0.26660	0.04600	ok	1	
a_thaliana	228201at33090	738.4	269.6	0.02640	0.12500	0.21160	0.15800	ok	1	
a_thaliana	22958at33090	2049.8	680.2	0.00680	0.03850	0.17720	0.04400	ok	1	
a_thaliana	229764at33090	841.8	301.2	0.01220	0.08160	0.14920	0.09100	ok	1	
a_thaliana	229778at33090	383.0	166.0	0.01780	0.09790	0.18220	0.12600	ok	1	
a_thaliana	229782at33090	369.7	125.3	0.02880	0.05060	0.56880	0.10300	ok	1	
a_thaliana	230103at33090	1070.0	361.0	0.01300	0.04680	0.27810	0.06500	ok	1	
a_thaliana	231151at33090	699.2	230.8	0.01410	0.06360	0.22160	0.07900	ok	1	
a_thaliana	231707at33090	607.3	208.7	0.00320	0.09880	0.03240	0.08300	ok	1	
a_thaliana	233744at33090	390.6	143.4	0.01310	0.08140	0.16130	0.09400	ok	1	
a_thaliana	23444at33090	1679.7	507.3	0.01360	0.05200	0.26200	0.06800	ok	1	
a_thaliana	23853at33090	2009.2	720.8	0.01230	0.06260	0.19660	0.07700	ok	1	
a_thaliana	24838at33090	2099.3	675.7	0.00840	0.06890	0.12250	0.07000	ok	1	
a_thaliana	24at33090	11341.6	3868.4	0.00600	0.03350	0.17850	0.03900	ok	1	
a_thaliana	25435at33090	2172.2	656.8	0.01120	0.06750	0.16530	0.07300	ok	1	
a_thaliana	255at33090	5732.8	1980.2	0.00370	0.04930	0.07590	0.04600	ok	1	
a_thaliana	26868at33090	1553.8	540.2	0.01960	0.06780	0.28880	0.09600	ok	1	
a_thaliana	27237at33090	1793.6	615.4	0.00870	0.06110	0.14310	0.06600	ok	1	
a_thaliana	27607at33090	1532.3	555.7	0.00320	0.04440	0.07140	0.04200	ok	1	
a_thaliana	28920at33090	1787.7	606.3	0.00920	0.05400	0.17040	0.06200	ok	1	
a_thaliana	31855at33090	1560.1	602.9	0.01310	0.07570	0.17240	0.09200	ok	1	
a_thaliana	32730at33090	1391.5	396.5	0.00360	0.05150	0.06950	0.04300	ok	1	
a_thaliana	32923at33090	1564.9	505.1	0.00570	0.07290	0.07860	0.06600	ok	1	
a_thaliana	33264at33090	1347.4	467.6	0.01050	0.08650	0.12120	0.09000	ok	1	
a_thaliana	34517at33090	1766.4	714.6	0.00970	0.06520	0.14910	0.07700	ok	1	
a_thaliana	35499at33090	1560.2	560.8	0.00460	0.04970	0.09170	0.05000	ok	1	
a_thaliana	35887at33090	1940.7	600.3	0.02150	0.03870	0.55450	0.07700	ok	1	
a_thaliana	36284at33090	1709.2	609.8	0.00590	0.07990	0.07430	0.07600	ok	1	
a_thaliana	37663at33090	1452.7	551.3	0.00990	0.05960	0.16550	0.07100	ok	1	
a_thaliana	37699at33090	1881.6	593.4	0.04830	0.06450	0.74840	0.15600	ok	1	
a_thaliana	39913at33090	1628.6	594.4	0.00440	0.05710	0.07650	0.05500	ok	1	
a_thaliana	4034at33090	3101.7	1044.3	0.00940	0.05250	0.17870	0.06100	ok	1	
a_thaliana	40630at33090	1761.7	599.3	0.00990	0.04050	0.24470	0.05300	ok	1	
a_thaliana	41146at33090	1403.9	468.1	0.00760	0.04770	0.15830	0.05300	ok	1	
a_thaliana	4115at33090	2478.8	839.2	0.00730	0.05630	0.13050	0.05900	ok	1	
a_thaliana	41244at33090	1295.5	462.5	0.00710	0.05040	0.14150	0.05600	ok	1	
a_thaliana	42407at33090	1288.1	373.9	0.02280	0.10090	0.22610	0.12100	ok	1	
a_thaliana	43683at33090	1473.0	495.0	0.00900	0.06720	0.13400	0.07100	ok	1	
a_thaliana	43957at33090	2026.4	670.6	0.01710	0.08250	0.20800	0.10000	ok	1	
a_thaliana	44063at33090	1304.6	411.4	0.01100	0.07200	0.15330	0.07700	ok	1	
a_thaliana	44526at33090	1442.8	483.2	0.01010	0.08890	0.11320	0.09000	ok	1	
a_thaliana	46307at33090	1310.6	450.4	0.00460	0.07780	0.05940	0.07000	ok	1	
a_thaliana	48027at33090	1279.0	431.0	0.00370	0.07550	0.04920	0.06500	ok	1	
a_thaliana	48290at33090	1454.4	480.6	0.03240	0.14430	0.22460	0.18100	ok	1	
a_thaliana	48645at33090	1364.1	420.9	0.00600	0.07870	0.07610	0.06900	ok	1	
a_thaliana	49092at33090	1241.6	426.4	0.00080	0.06060	0.01320	0.04800	ok	1	
a_thaliana	50512at33090	1181.5	339.5	0.01610	0.09720	0.16600	0.10300	ok	1	
a_thaliana	50528at33090	1243.1	370.9	0.00880	0.11870	0.07380	0.10200	ok	1	
a_thaliana	51214at33090	1391.2	438.8	0.01670	0.06790	0.24570	0.08700	ok	1	
a_thaliana	51262at33090	1564.0	545.0	0.00990	0.03810	0.26020	0.05200	ok	1	
a_thaliana	52795at33090	1335.6	467.4	0.00840	0.07200	0.11630	0.07500	ok	1	
a_thaliana	5305at33090	2394.8	695.2	0.03110	0.00000	999.00000	0.07200	omega_boundary	1	
a_thaliana	53416at33090	1075.9	439.1	0.02000	0.08530	0.23480	0.11700	ok	1	
a_thaliana	53527at33090	2158.9	697.1	0.00750	0.06330	0.11920	0.06300	ok	1	
a_thaliana	58672at33090	1018.9	349.1	0.00320	0.06070	0.05200	0.05300	ok	1	
a_thaliana	5927at33090	2922.3	1052.7	0.01480	0.07000	0.21100	0.08800	ok	1	
a_thaliana	60262at33090	1034.2	339.8	0.00060	0.08290	0.00690	0.06300	ok	1	
a_thaliana	62262at33090	1034.9	360.1	0.02150	0.04790	0.44800	0.08500	ok	1	
a_thaliana	63411at33090	1159.2	421.8	0.00370	0.07700	0.04790	0.07000	ok	1	
a_thaliana	63853at33090	1067.6	348.4	0.00470	0.08460	0.05560	0.07300	ok	1	
a_thaliana	64272at33090	2067.2	611.8	0.01430	0.07720	0.18550	0.08600	ok	1	
a_thaliana	6512at33090	2628.6	839.4	0.01610	0.05970	0.27020	0.08000	ok	1	
a_thaliana	65263at33090	1355.1	411.9	0.02130	0.06780	0.31440	0.09700	ok	1	
a_thaliana	67132at33090	1513.7	496.3	0.00380	0.04130	0.09150	0.03900	ok	1	
a_thaliana	67389at33090	1223.4	381.6	0.00740	0.08710	0.08510	0.07900	ok	1	
a_thaliana	68169at33090	1774.1	655.9	0.01410	0.06460	0.21820	0.08300	ok	1	
a_thaliana	6843at33090	1803.0	609.0	0.00610	0.07760	0.07900	0.07200	ok	1	
a_thaliana	68537at33090	1018.1	373.9	0.00900	0.03170	0.28480	0.04500	ok	1	
a_thaliana	68957at33090	1267.1	442.9	0.00700	0.07140	0.09810	0.07100	ok	1	
a_thaliana	69073at33090	1041.5	371.5	0.01040	0.07160	0.14560	0.07900	ok	1	
a_thaliana	69137at33090	1263.1	383.9	0.01090	0.04820	0.22710	0.05900	ok	1	
a_thaliana	69505at33090	1094.6	288.4	0.02240	0.09140	0.24510	0.11000	ok	1	
a_thaliana	70613at33090	1026.7	353.3	0.01400	0.08720	0.16060	0.09800	ok	1	
a_thaliana	71620at33090	1035.2	326.8	0.00790	0.08230	0.09540	0.07700	ok	1	
a_thaliana	72992at33090	1302.2	386.8	0.01000	0.12630	0.07950	0.11000	ok	1	
a_thaliana	7366at33090	2496.7	725.3	0.00730	0.05960	0.12230	0.05700	ok	1	
a_thaliana	74230at33090	1071.1	332.9	0.01810	0.08040	0.22560	0.09900	ok	1	
a_thaliana	74742at33090	1042.2	358.8	0.01220	0.08770	0.13960	0.09500	ok	1	
a_thaliana	76849at33090	1312.4	454.6	0.00820	0.08600	0.09510	0.08500	ok	1	
a_thaliana	79950at33090	976.6	337.4	0.02300	0.10740	0.21380	0.13400	ok	1	
a_thaliana	8072at33090	2133.4	740.6	0.01090	0.04210	0.25980	0.05700	ok	1	
a_thaliana	83749at33090	1029.6	350.4	0.00870	0.06670	0.13010	0.07000	ok	1	
a_thaliana	84264at33090	1727.6	567.4	0.02660	0.07440	0.35710	0.11500	ok	1	
a_thaliana	87347at33090	2141.9	714.1	0.01420	0.06760	0.21010	0.08300	ok	1	
a_thaliana	87734at33090	1035.3	362.7	0.00880	0.07530	0.11750	0.07800	ok	1	
a_thaliana	88295at33090	1008.8	356.2	0.01010	0.08940	0.11350	0.09200	ok	1	
a_thaliana	88687at33090	988.3	322.7	0.01020	0.04750	0.21590	0.05800	ok	1	
a_thaliana	88771at33090	1233.1	431.9	0.01480	0.07160	0.20650	0.08900	ok	1	
a_thaliana	89796at33090	1484.1	555.9	0.00550	0.07940	0.06880	0.07700	ok	1	
a_thaliana	90301at33090	1024.3	361.7	0.00790	0.08430	0.09400	0.08400	ok	1	
a_thaliana	9044at33090	2350.1	814.9	0.00770	0.09380	0.08190	0.09000	ok	1	
a_thaliana	9058at33090	3281.2	1029.8	0.01510	0.05390	0.27920	0.07300	ok	1	
a_thaliana	90872at33090	1030.9	331.1	0.00940	0.06560	0.14340	0.06900	ok	1	
a_thaliana	92579at33090	857.2	351.8	0.01570	0.06160	0.25550	0.08700	ok	1	
a_thaliana	95807at33090	955.4	340.6	0.01890	0.06990	0.27070	0.09700	ok	1	
a_thaliana	96953at33090	883.8	274.2	0.01040	0.06670	0.15560	0.07100	ok	1	
a_thaliana	97593at33090	915.9	323.1	0.01600	0.05120	0.31340	0.07600	ok	1	
a_thaliana	9849at33090	2398.8	823.2	0.02550	0.07450	0.34230	0.11400	ok	1	
c_grandiflora	101241at33090	937.4	322.6	0.01760	0.15510	0.11330	0.15800	ok	1	
c_grandiflora	101701at33090	2012.1	621.9	0.00660	0.02150	0.30830	0.03000	ok	1	
c_grandiflora	102307at33090	773.9	255.1	0.00000	0.14790	0.00010	0.11000	omega_boundary	1	
c_grandiflora	103267at33090	1416.4	473.6	0.00000	0.01710	0.00010	0.01300	omega_boundary	1	
c_grandiflora	103382at33090	830.7	273.3	0.00000	0.02030	0.00010	0.01500	omega_boundary	1	
c_grandiflora	104557at33090	1006.8	376.2	0.00000	0.00000	4.34100	0.00000	ds_floor	0	ds_floor
c_grandiflora	104821at33090	1018.3	310.7	0.00700	0.00000	999.00000	0.01600	omega_boundary	1	
c_grandiflora	104867at33090	2135.4	612.6	0.03050	0.15420	0.19760	0.17400	ok	1	
c_grandiflora	105044at33090	1673.8	489.2	0.00350	0.00000	974.96180	0.00800	ds_floor	0	ds_floor
c_grandiflora	105782at33090	804.7	284.3	0.01650	0.15320	0.10800	0.15700	ok	1	
c_grandiflora	105867at33090	949.2	331.8	0.00000	0.11450	0.00010	0.08900	omega_boundary	1	
c_grandiflora	106769at33090	865.3	283.7	0.00940	0.11080	0.08450	0.10300	ok	1	
c_grandiflora	106886at33090	980.6	261.4	0.00440	0.00000	278.92050	0.01000	ds_floor	0	ds_floor
c_grandiflora	107107at33090	1180.8	343.2	0.04300	0.10800	0.39840	0.17300	ok	1	
c_grandiflora	108705at33090	1017.6	377.4	0.02220	0.15090	0.14690	0.17100	ok	1	
c_grandiflora	10924at33090	2197.6	694.4	0.00360	0.00000	980.12020	0.00800	ds_floor	0	ds_floor
c_grandiflora	109586at33090	1150.1	391.9	0.02170	0.14000	0.15460	0.15500	ok	1	
c_grandiflora	109823at33090	771.1	296.9	0.01740	0.17730	0.09790	0.18500	ok	1	
c_grandiflora	110222at33090	1373.0	391.0	0.00390	0.00000	999.00000	0.00900	omega_boundary	1	
c_grandiflora	111210at33090	826.5	268.5	0.02860	0.18480	0.15450	0.20100	ok	1	
c_grandiflora	111213at33090	746.6	294.4	0.00000	0.05230	0.00010	0.04400	omega_boundary	1	
c_grandiflora	111249at33090	911.9	297.1	0.05620	0.22240	0.25270	0.29100	ok	1	
c_grandiflora	111924at33090	743.0	232.0	0.02330	0.20660	0.11290	0.20100	ok	1	
c_grandiflora	112325at33090	860.8	255.2	0.01790	0.00000	999.00000	0.04200	omega_boundary	1	
c_grandiflora	112461at33090	1284.7	389.3	0.00000	0.05890	0.00010	0.04100	omega_boundary	1	
c_grandiflora	112542at33090	765.0	300.0	0.00780	0.00000	999.00000	0.01700	omega_boundary	1	
c_grandiflora	114996at33090	2996.5	948.5	0.00000	0.01730	0.00010	0.01200	omega_boundary	1	
c_grandiflora	115240at33090	923.0	319.0	0.02000	0.21630	0.09230	0.21100	ok	1	
c_grandiflora	115992at33090	648.7	248.3	0.00000	0.11240	0.00010	0.09300	omega_boundary	1	
c_grandiflora	116411at33090	822.3	272.7	0.01120	0.00000	999.00000	0.02500	omega_boundary	1	
c_grandiflora	116516at33090	1216.7	427.3	0.00410	0.00000	999.00000	0.00900	omega_boundary	1	
c_grandiflora	116585at33090	844.8	277.2	0.03560	0.22970	0.15490	0.25100	ok	1	
c_grandiflora	116623at33090	913.4	298.6	0.00000	0.02570	0.00010	0.01900	omega_boundary	1	
c_grandiflora	117191at33090	862.8	343.2	0.00020	0.00020	0.94070	0.00100	ds_floor	0	ds_floor
c_grandiflora	117247at33090	776.7	264.3	0.00000	0.03160	0.00010	0.02400	omega_boundary	1	
c_grandiflora	11800at33090	2847.9	947.1	0.01460	0.23190	0.06310	0.20700	ok	1	
c_grandiflora	119439at33090	1010.3	393.7	0.01950	0.24400	0.07990	0.24700	ok	1	
c_grandiflora	120031at33090	922.8	331.2	0.04080	0.15270	0.26690	0.21100	ok	1	
c_grandiflora	120455at33090	706.3	280.7	0.02910	0.11960	0.24340	0.16500	ok	1	
c_grandiflora	120589at33090	1227.3	359.7	0.00490	0.15300	0.03220	0.11500	ok	1	
c_grandiflora	121281at33090	771.6	293.4	0.03250	0.14390	0.22560	0.19000	ok	1	
c_grandiflora	122367at33090	1009.8	418.2	0.00000	0.00000	0.00010	0.00000	omega_boundary	1	
c_grandiflora	122422at33090	733.1	232.9	0.00600	0.00000	999.00000	0.01400	omega_boundary	1	
c_grandiflora	122831at33090	1240.9	373.1	0.00500	0.00000	999.00000	0.01100	omega_boundary	1	
c_grandiflora	122958at33090	766.1	229.9	0.00000	0.08050	0.00010	0.05600	omega_boundary	1	
c_grandiflora	123838at33090	780.6	254.4	0.00000	0.15840	0.00010	0.11700	omega_boundary	1	
c_grandiflora	125747at33090	759.4	224.6	0.00250	0.00000	999.00000	0.00600	omega_boundary	1	
c_grandiflora	126138at33090	1208.9	405.1	0.02270	0.20810	0.10900	0.20800	ok	1	
c_grandiflora	126427at33090	721.4	244.6	0.02600	0.14610	0.17800	0.16900	ok	1	
c_grandiflora	128774at33090	623.0	220.0	0.01220	0.06890	0.17710	0.08100	ok	1	
c_grandiflora	130268at33090	804.6	260.4	0.01540	0.00000	999.00000	0.03500	omega_boundary	1	
c_grandiflora	130279at33090	904.2	319.8	0.01310	0.00000	999.00000	0.02900	omega_boundary	1	
c_grandiflora	13039at33090	2189.2	726.8	0.00000	0.02980	0.00010	0.02200	omega_boundary	1	
c_grandiflora	130637at33090	1044.2	362.8	0.01150	0.15600	0.07350	0.14600	ok	1	
c_grandiflora	131556at33090	1068.6	350.4	0.00000	0.09300	0.00010	0.06900	omega_boundary	1	
c_grandiflora	131874at33090	1471.8	553.2	0.00220	0.00000	369.26920	0.00500	ds_floor	0	ds_floor
c_grandiflora	131914at33090	712.9	250.1	0.00000	0.02100	0.00010	0.01600	omega_boundary	1	
c_grandiflora	133112at33090	917.1	324.9	0.02350	0.12180	0.19280	0.14800	ok	1	
c_grandiflora	133622at33090	861.4	254.6	0.03800	0.23860	0.15930	0.25100	ok	1	
c_grandiflora	134078at33090	729.0	261.0	0.00000	0.07110	0.00010	0.05600	omega_boundary	1	
c_grandiflora	135419at33090	937.6	313.4	0.01240	0.00000	999.00000	0.02800	omega_boundary	1	
c_grandiflora	135892at33090	1216.4	415.6	0.00000	0.01470	0.00010	0.01100	omega_boundary	1	
c_grandiflora	136118at33090	1473.1	467.9	0.00000	0.00000	0.20250	0.00000	ds_floor	0	ds_floor
c_grandiflora	136267at33090	755.8	267.2	0.00000	0.02350	0.00010	0.01800	omega_boundary	1	
c_grandiflora	1363at33090	3646.6	1171.4	0.00000	0.00000	5.02950	0.00000	ds_floor	0	ds_floor
c_grandiflora	13643at33090	1841.2	666.8	0.00280	0.00000	817.22280	0.00600	ds_floor	0	ds_floor
c_grandiflora	136579at33090	1015.1	310.9	0.00000	0.01490	0.00010	0.01000	omega_boundary	1	
c_grandiflora	137018at33090	888.9	320.1	0.01470	0.20150	0.07270	0.19200	ok	1	
c_grandiflora	137771at33090	1559.2	438.8	0.00000	0.00000	0.29720	0.00000	ds_floor	0	ds_floor
c_grandiflora	137787at33090	1490.5	447.5	0.00960	0.00000	999.00000	0.02200	omega_boundary	1	
c_grandiflora	138782at33090	749.2	252.8	0.01300	0.00000	999.00000	0.02900	omega_boundary	1	
c_grandiflora	139062at33090	831.9	260.1	0.02000	0.14650	0.13650	0.15000	ok	1	
c_grandiflora	139450at33090	1045.9	289.1	0.00970	0.00000	999.00000	0.02300	omega_boundary	1	
c_grandiflora	139497at33090	2434.6	721.4	0.03090	0.17440	0.17700	0.19100	ok	1	
c_grandiflora	140683at33090	782.6	297.4	0.00000	0.00000	0.33770	0.00000	ds_floor	0	ds_floor
c_grandiflora	140876at33090	651.6	230.4	0.00460	0.00000	999.00000	0.01000	omega_boundary	1	
c_grandiflora	141861at33090	663.2	212.8	0.00300	0.00000	999.00000	0.00700	omega_boundary	1	
c_grandiflora	1419at33090	4124.4	1443.6	0.00190	0.00000	999.00000	0.00400	omega_boundary	1	
c_grandiflora	142382at33090	758.4	246.6	0.00080	0.00000	97.99140	0.00200	ds_floor	0	ds_floor
c_grandiflora	142433at33090	777.5	278.5	0.00000	0.02250	0.00010	0.01800	omega_boundary	1	
c_grandiflora	143102at33090	893.6	351.4	0.00260	0.00000	999.00000	0.00600	omega_boundary	1	
c_grandiflora	143347at33090	750.5	242.5	0.00000	0.05420	0.00010	0.04000	omega_boundary	1	
c_grandiflora	143963at33090	716.4	276.6	0.03680	0.11690	0.31510	0.17700	ok	1	
c_grandiflora	144144at33090	469.1	145.9	0.01750	0.12140	0.14400	0.12600	ok	1	
c_grandiflora	144680at33090	501.1	182.9	0.70650	60.38450	0.01170	50.00000	ok	0	ds>1.5
c_grandiflora	144716at33090	650.9	222.1	0.02490	0.18460	0.13500	0.19700	ok	1	
c_grandiflora	144765at33090	743.4	294.6	0.00000	0.02750	0.00010	0.02300	omega_boundary	1	
c_grandiflora	144990at33090	672.1	236.9	0.01240	0.00000	999.00000	0.02800	omega_boundary	1	
c_grandiflora	145061at33090	1429.5	517.5	0.00000	0.00000	8.07940	0.00000	ds_floor	0	ds_floor
c_grandiflora	145734at33090	954.7	251.3	0.00000	0.04780	0.00010	0.03000	omega_boundary	1	
c_grandiflora	146354at33090	663.0	243.0	0.02260	0.24130	0.09370	0.24400	ok	1	
c_grandiflora	146469at33090	596.9	231.1	0.00000	0.06990	0.00010	0.05800	omega_boundary	1	
c_grandiflora	146772at33090	692.6	237.4	0.03920	0.06590	0.59530	0.13800	ok	1	
c_grandiflora	146921at33090	536.2	198.8	0.00920	0.17880	0.05130	0.16500	ok	1	
c_grandiflora	147083at33090	769.8	265.2	0.01110	0.00000	999.00000	0.02500	omega_boundary	1	
c_grandiflora	147262at33090	795.7	332.3	0.01770	0.18500	0.09560	0.20100	ok	1	
c_grandiflora	148839at33090	946.8	292.2	0.00000	0.00000	0.42920	0.00000	ds_floor	0	ds_floor
c_grandiflora	149782at33090	572.1	195.9	0.03100	0.30390	0.10210	0.30200	ok	1	
c_grandiflora	150559at33090	654.7	164.3	0.00000	0.12530	0.00010	0.07500	omega_boundary	1	
c_grandiflora	152317at33090	675.2	263.8	0.00000	0.04670	0.00010	0.03900	omega_boundary	1	
c_grandiflora	153820at33090	980.4	333.6	0.00000	0.01330	0.00010	0.01000	omega_boundary	1	
c_grandiflora	154870at33090	1504.1	523.9	0.00000	0.00000	3.05240	0.00000	ds_floor	0	ds_floor
c_grandiflora	155102at33090	642.4	218.6	0.00000	0.04570	0.00010	0.03500	omega_boundary	1	
c_grandiflora	1557at33090	3871.0	1262.0	0.03410	0.14480	0.23530	0.18400	ok	1	
c_grandiflora	15682at33090	1890.6	653.4	0.01880	0.13430	0.14000	0.14500	ok	1	
c_grandiflora	156843at33090	596.1	216.9	0.00000	0.00000	0.26980	0.00000	ds_floor	0	ds_floor
c_grandiflora	156887at33090	611.7	201.3	0.01830	0.00000	999.00000	0.04100	omega_boundary	1	
c_grandiflora	158492at33090	615.0	174.0	0.01290	0.07050	0.18330	0.07700	ok	1	
c_grandiflora	158957at33090	549.2	167.8	0.03200	0.12240	0.26190	0.16000	ok	1	
c_grandiflora	160064at33090	423.5	146.5	0.01440	0.23220	0.06210	0.21100	ok	1	
c_grandiflora	160610at33090	708.3	251.7	0.00000	0.00000	5.52490	0.00000	ds_floor	0	ds_floor
c_grandiflora	160680at33090	1610.8	534.2	0.00410	0.00000	198.20650	0.00900	ds_floor	0	ds_floor
c_grandiflora	161054at33090	825.3	305.7	0.00000	0.05820	0.00010	0.04700	omega_boundary	1	
c_grandiflora	161066at33090	856.5	349.5	0.00000	0.08240	0.00010	0.07200	omega_boundary	1	
c_grandiflora	161269at33090	510.4	179.6	0.04680	0.25560	0.18290	0.30300	ok	1	
c_grandiflora	161309at33090	1131.9	350.1	0.00000	0.00000	0.51560	0.00000	ds_floor	0	ds_floor
c_grandiflora	161559at33090	666.0	264.0	0.00850	0.00000	999.00000	0.01800	omega_boundary	1	
c_grandiflora	162794at33090	650.1	216.9	0.16160	8.09680	0.02000	6.44100	ok	0	ds>1.5
c_grandiflora	163097at33090	965.0	346.0	0.00000	0.11440	0.00010	0.09100	omega_boundary	1	
c_grandiflora	163701at33090	681.9	215.1	0.01020	0.00000	999.00000	0.02300	omega_boundary	1	
c_grandiflora	163833at33090	951.9	341.1	0.02420	0.26080	0.09260	0.26000	ok	1	
c_grandiflora	164019at33090	799.7	253.3	0.00000	0.15350	0.00010	0.11100	omega_boundary	1	
c_grandiflora	164556at33090	593.6	219.4	0.00000	0.11370	0.00010	0.09200	omega_boundary	1	
c_grandiflora	165103at33090	666.2	227.8	0.00000	0.48690	0.00010	0.37200	omega_boundary	1	
c_grandiflora	166645at33090	4121.4	1344.6	0.00000	0.03680	0.00010	0.02700	omega_boundary	1	
c_grandiflora	167076at33090	520.2	160.8	0.00000	0.00000	4.15440	0.00000	ds_floor	0	ds_floor
c_grandiflora	167217at33090	565.0	188.0	0.01260	0.14820	0.08470	0.13900	ok	1	
c_grandiflora	16726at33090	2046.1	716.9	0.03290	0.17160	0.19150	0.20700	ok	1	
c_grandiflora	167325at33090	572.5	216.5	0.00000	0.02580	0.00010	0.02100	omega_boundary	1	
c_grandiflora	167809at33090	429.5	167.5	0.00250	0.00000	999.00000	0.00500	omega_boundary	1	
c_grandiflora	167850at33090	508.9	166.1	0.00440	0.00000	999.00000	0.01000	omega_boundary	1	
c_grandiflora	167932at33090	553.6	202.4	0.01110	0.10820	0.10220	0.11100	ok	1	
c_grandiflora	168269at33090	574.2	181.8	0.00000	0.00000	1.39080	0.00000	ds_floor	0	ds_floor
c_grandiflora	168270at33090	856.1	265.9	0.00360	0.07100	0.05130	0.05900	ok	1	
c_grandiflora	168563at33090	511.5	190.5	0.00000	0.06590	0.00010	0.05400	omega_boundary	1	
c_grandiflora	169007at33090	475.9	190.1	0.00000	0.00690	0.00010	0.00600	omega_boundary	1	
c_grandiflora	170939at33090	1075.7	361.3	0.01510	0.00000	999.00000	0.03400	omega_boundary	1	
c_grandiflora	170945at33090	1202.1	435.9	0.00000	0.04020	0.00010	0.03200	omega_boundary	1	
c_grandiflora	171195at33090	541.3	178.7	0.01490	0.00000	999.00000	0.03400	omega_boundary	1	
c_grandiflora	171627at33090	441.1	128.9	0.01120	0.23060	0.04850	0.18200	ok	1	
c_grandiflora	171708at33090	711.2	254.8	0.01570	0.23250	0.06770	0.21900	ok	1	
c_grandiflora	171767at33090	558.9	221.1	0.00000	0.06280	0.00010	0.05300	omega_boundary	1	
c_grandiflora	172000at33090	980.9	321.1	0.00870	0.00000	999.00000	0.02000	omega_boundary	1	
c_grandiflora	172535at33090	1012.7	334.3	0.00000	0.05180	0.00010	0.03900	omega_boundary	1	
c_grandiflora	172666at33090	604.5	208.5	0.00000	0.01860	0.00010	0.01400	omega_boundary	1	
c_grandiflora	173119at33090	695.1	201.9	0.00000	0.05500	0.00010	0.03700	omega_boundary	1	
c_grandiflora	173143at33090	1417.2	769.8	0.00370	0.00000	999.00000	0.00700	omega_boundary	1	
c_grandiflora	173477at33090	440.6	132.4	0.00080	0.00000	998.99980	0.00200	ds_floor	0	ds_floor
c_grandiflora	174213at33090	578.5	156.5	0.01810	0.00000	999.00000	0.04300	omega_boundary	1	
c_grandiflora	174767at33090	508.3	178.7	0.01270	0.00000	999.00000	0.02800	omega_boundary	1	
c_grandiflora	175583at33090	464.9	147.1	0.03920	0.18040	0.21720	0.21900	ok	1	
c_grandiflora	175792at33090	541.8	136.2	0.02340	0.18720	0.12490	0.16900	ok	1	
c_grandiflora	176016at33090	386.3	135.7	0.00000	0.08380	0.00010	0.06500	omega_boundary	1	
c_grandiflora	176328at33090	1189.4	400.6	0.00150	0.00000	999.00000	0.00300	omega_boundary	1	
c_grandiflora	177296at33090	368.1	114.9	0.00000	0.01370	0.00010	0.01000	omega_boundary	1	
c_grandiflora	177720at33090	1584.2	578.8	0.03410	0.18660	0.18270	0.22500	ok	1	
c_grandiflora	177964at33090	577.5	190.5	0.01950	0.24020	0.08110	0.22300	ok	1	
c_grandiflora	178386at33090	679.9	232.1	0.02870	0.13360	0.21470	0.16600	ok	1	
c_grandiflora	179975at33090	610.6	229.4	0.01340	0.14050	0.09560	0.14400	ok	1	
c_grandiflora	180408at33090	595.7	205.3	0.00000	0.01960	0.00200	0.01500	ok	1	
c_grandiflora	180466at33090	726.2	260.8	0.00620	0.00000	999.00000	0.01400	omega_boundary	1	
c_grandiflora	180674at33090	672.5	263.5	0.00990	0.00000	487.74810	0.02100	ds_floor	0	ds_floor
c_grandiflora	181108at33090	520.2	196.8	0.01200	0.21350	0.05620	0.20200	ok	1	
c_grandiflora	182493at33090	686.5	264.5	0.00330	0.00000	968.95810	0.00700	ds_floor	0	ds_floor
c_grandiflora	182513at33090	943.5	343.5	0.00300	0.00000	704.86460	0.00700	ds_floor	0	ds_floor
c_grandiflora	183313at33090	761.6	213.4	0.01120	0.00000	999.00000	0.02600	omega_boundary	1	
c_grandiflora	183396at33090	493.3	142.7	0.03410	0.19780	0.17230	0.21200	ok	1	
c_grandiflora	183719at33090	1086.9	377.1	0.02420	0.13980	0.17300	0.16200	ok	1	
c_grandiflora	183931at33090	739.6	202.4	0.00820	0.22410	0.03670	0.16400	ok	1	
c_grandiflora	184405at33090	1105.8	349.2	0.00000	0.01240	0.00010	0.00900	omega_boundary	1	
c_grandiflora	18455at33090	1716.6	557.4	0.00000	0.00000	2.87080	0.00000	ds_floor	0	ds_floor
c_grandiflora	185172at33090	425.1	144.9	0.00980	0.00000	999.00000	0.02200	omega_boundary	1	
c_grandiflora	185214at33090	611.6	228.4	0.00000	0.00890	0.00010	0.00700	omega_boundary	1	
c_grandiflora	1855at33090	4762.0	1610.0	0.02790	0.14170	0.19710	0.17000	ok	1	
c_grandiflora	185696at33090	1436.8	426.2	0.01200	0.12540	0.09580	0.11400	ok	1	
c_grandiflora	185941at33090	537.9	203.1	0.03260	0.08500	0.38300	0.14100	ok	1	
c_grandiflora	186340at33090	616.1	244.9	0.03630	0.18620	0.19500	0.23700	ok	1	
c_grandiflora	187462at33090	1060.5	343.5	0.00000	0.00000	4.10770	0.00000	ds_floor	0	ds_floor
c_grandiflora	187866at33090	290.4	108.6	0.00000	0.12000	0.00010	0.09800	omega_boundary	1	
c_grandiflora	187914at33090	993.2	308.8	0.01340	0.00000	999.00000	0.03100	omega_boundary	1	
c_grandiflora	18801at33090	2327.4	801.6	0.00000	0.00000	1.15340	0.00000	ds_floor	0	ds_floor
c_grandiflora	188180at33090	513.2	176.8	0.02400	0.20270	0.11840	0.20900	ok	1	
c_grandiflora	188436at33090	511.2	184.8	0.01210	0.18730	0.06470	0.17600	ok	1	
c_grandiflora	188583at33090	893.9	312.1	0.03820	0.24300	0.15710	0.27400	ok	1	
c_grandiflora	188938at33090	609.6	221.4	0.00000	0.13100	0.00010	0.10500	omega_boundary	1	
c_grandiflora	189891at33090	815.2	288.8	0.00280	0.00000	876.27850	0.00600	ds_floor	0	ds_floor
c_grandiflora	190390at33090	732.8	245.2	0.00440	0.00000	661.47410	0.01000	ds_floor	0	ds_floor
c_grandiflora	191396at33090	884.7	264.3	0.02700	0.14830	0.18190	0.16500	ok	1	
c_grandiflora	191581at33090	593.5	198.5	0.00000	0.00000	0.27750	0.00000	ds_floor	0	ds_floor
c_grandiflora	192090at33090	1798.9	517.1	0.00820	0.00000	999.00000	0.01900	omega_boundary	1	
c_grandiflora	192456at33090	475.4	145.6	0.03920	0.19300	0.20290	0.22600	ok	1	
c_grandiflora	192750at33090	640.7	196.3	0.00070	0.00140	0.50900	0.00300	ok	1	
c_grandiflora	193351at33090	260.4	78.6	0.01150	0.12150	0.09470	0.11100	ok	1	
c_grandiflora	193437at33090	608.5	180.5	0.00000	0.07140	0.00010	0.04900	omega_boundary	1	
c_grandiflora	193683at33090	554.5	156.5	0.00000	0.00000	0.15050	0.00000	ds_floor	0	ds_floor
c_grandiflora	193777at33090	714.1	263.9	0.00420	0.00000	999.00000	0.00900	omega_boundary	1	
c_grandiflora	193982at33090	503.7	168.3	0.01730	0.00000	999.00000	0.03900	omega_boundary	1	
c_grandiflora	194002at33090	529.4	163.6	0.00000	0.07670	0.00010	0.05400	omega_boundary	1	
c_grandiflora	194293at33090	758.3	243.7	0.04280	0.16080	0.26610	0.21500	ok	1	
c_grandiflora	194372at33090	344.6	108.4	0.02100	0.17970	0.11670	0.17700	ok	1	
c_grandiflora	194467at33090	569.6	243.4	0.01480	0.00000	999.00000	0.03100	omega_boundary	1	
c_grandiflora	195185at33090	631.2	211.8	0.00000	0.05530	0.00010	0.04200	omega_boundary	1	
c_grandiflora	195354at33090	464.3	162.7	0.00000	0.08360	0.00010	0.06500	omega_boundary	1	
c_grandiflora	195527at33090	942.7	317.3	0.01510	0.00000	999.00000	0.03400	omega_boundary	1	
c_grandiflora	195843at33090	526.7	163.3	0.01550	0.21570	0.07190	0.18900	ok	1	
c_grandiflora	196198at33090	387.2	161.8	0.04830	0.20170	0.23970	0.28100	ok	1	
c_grandiflora	196324at33090	639.8	182.2	0.00830	0.00000	999.00000	0.01900	omega_boundary	1	
c_grandiflora	196325at33090	761.9	267.1	0.00190	0.00000	753.39300	0.00400	ds_floor	0	ds_floor
c_grandiflora	196410at33090	525.4	137.6	0.00000	0.00000	1.67760	0.00000	ds_floor	0	ds_floor
c_grandiflora	196443at33090	470.9	192.1	0.01690	0.12050	0.14010	0.14100	ok	1	
c_grandiflora	196490at33090	770.9	282.1	0.00000	0.04080	0.00010	0.03300	omega_boundary	1	
c_grandiflora	196512at33090	1112.6	348.4	0.00000	0.12920	0.00010	0.09200	omega_boundary	1	
c_grandiflora	196850at33090	479.2	165.8	0.01640	0.15610	0.10510	0.15700	ok	1	
c_grandiflora	196873at33090	418.7	151.3	0.07280	0.16110	0.45200	0.28900	ok	1	
c_grandiflora	196991at33090	647.9	147.1	0.00740	0.00000	574.00920	0.01800	ds_floor	0	ds_floor
c_grandiflora	197780at33090	779.9	261.1	0.00000	0.03530	0.00010	0.02700	omega_boundary	1	
c_grandiflora	197838at33090	397.5	127.5	0.01930	0.00000	999.00000	0.04400	omega_boundary	1	
c_grandiflora	198012at33090	335.9	123.1	0.00910	0.20430	0.04460	0.18400	ok	1	
c_grandiflora	198570at33090	751.2	229.8	0.00300	0.00000	999.00000	0.00700	omega_boundary	1	
c_grandiflora	199163at33090	846.5	314.5	0.03110	0.14130	0.21980	0.18300	ok	1	
c_grandiflora	199618at33090	994.8	298.2	0.00770	0.00000	999.00000	0.01800	omega_boundary	1	
c_grandiflora	199795at33090	482.1	183.9	0.02790	0.12270	0.22720	0.16200	ok	1	
c_grandiflora	200316at33090	1032.1	359.9	0.01900	0.07500	0.25260	0.10000	ok	1	
c_grandiflora	200488at33090	968.9	306.1	0.04070	0.12310	0.33060	0.18100	ok	1	
c_grandiflora	200499at33090	853.3	310.7	0.00000	0.03490	0.00010	0.02800	omega_boundary	1	
c_grandiflora	200687at33090	536.1	171.9	0.00000	0.00000	0.19130	0.00000	ds_floor	0	ds_floor
c_grandiflora	201861at33090	480.8	179.2	0.00000	0.09060	0.00010	0.07400	omega_boundary	1	
c_grandiflora	203023at33090	427.1	136.9	0.00820	0.00000	999.00000	0.01900	omega_boundary	1	
c_grandiflora	203383at33090	823.3	232.7	0.00000	0.00000	0.27620	0.00000	ds_floor	0	ds_floor
c_grandiflora	203818at33090	427.4	145.6	0.02390	0.22010	0.10860	0.22100	ok	1	
c_grandiflora	204117at33090	718.7	235.3	0.00200	0.02200	0.09240	0.02100	ok	1	
c_grandiflora	204880at33090	609.2	230.8	0.00010	0.00020	0.60680	0.00000	ds_floor	0	ds_floor
c_grandiflora	205308at33090	635.7	186.3	0.00000	0.05930	0.00010	0.04000	omega_boundary	1	
c_grandiflora	206164at33090	394.0	149.0	0.00140	0.00000	83.55300	0.00300	ds_floor	0	ds_floor
c_grandiflora	206170at33090	514.5	181.5	0.00000	0.03240	0.00010	0.02500	omega_boundary	1	
c_grandiflora	207179at33090	859.6	286.4	0.00000	0.14790	0.00010	0.11100	omega_boundary	1	
c_grandiflora	208706at33090	625.0	191.0	0.01970	0.20390	0.09650	0.18800	ok	1	
c_grandiflora	208707at33090	315.0	114.0	0.04350	0.00000	999.00000	0.09600	omega_boundary	1	
c_grandiflora	208849at33090	253.3	82.7	0.00000	0.05490	0.00010	0.04100	omega_boundary	1	
c_grandiflora	209015at33090	588.7	173.3	0.01310	0.00000	999.00000	0.03000	omega_boundary	1	
c_grandiflora	209301at33090	816.5	263.5	0.01900	0.00000	999.00000	0.04300	omega_boundary	1	
c_grandiflora	209302at33090	588.7	215.3	0.06120	0.17970	0.34070	0.27900	ok	1	
c_grandiflora	209516at33090	562.4	163.6	0.01970	0.17940	0.10960	0.16700	ok	1	
c_grandiflora	210493at33090	348.1	71.9	0.01160	0.32530	0.03550	0.19600	ok	1	
c_grandiflora	210551at33090	566.9	189.1	0.01980	0.19750	0.10000	0.19300	ok	1	
c_grandiflora	210851at33090	432.6	152.4	0.00000	0.07250	0.00010	0.05700	omega_boundary	1	
c_grandiflora	21163at33090	2194.7	679.3	0.02560	0.06780	0.37810	0.10700	ok	1	
c_grandiflora	211645at33090	453.7	134.3	0.00000	0.18200	0.00010	0.12500	omega_boundary	1	
c_grandiflora	212331at33090	793.8	319.2	0.01410	0.06450	0.21870	0.08600	ok	1	
c_grandiflora	212845at33090	597.2	239.8	0.02400	0.21890	0.10980	0.24000	ok	1	
c_grandiflora	213827at33090	483.7	185.3	0.00860	0.00000	999.00000	0.01900	omega_boundary	1	
c_grandiflora	213828at33090	415.3	169.7	0.01320	0.00000	999.00000	0.02800	omega_boundary	1	
c_grandiflora	214313at33090	424.1	91.9	0.00000	0.30580	0.00010	0.16300	omega_boundary	1	
c_grandiflora	215062at33090	491.9	162.1	0.00000	0.00000	0.54430	0.00000	ds_floor	0	ds_floor
c_grandiflora	215487at33090	293.7	114.3	0.02690	0.26090	0.10300	0.27700	ok	1	
c_grandiflora	215817at33090	864.7	281.3	0.00000	0.09100	0.00010	0.06700	omega_boundary	1	
c_grandiflora	216228at33090	551.7	204.3	0.02000	0.13660	0.14610	0.15400	ok	1	
c_grandiflora	216601at33090	459.3	134.7	0.00000	0.00000	0.26540	0.00000	ds_floor	0	ds_floor
c_grandiflora	217014at33090	651.6	236.4	0.04270	0.23210	0.18380	0.27900	ok	1	
c_grandiflora	21751at33090	2308.0	893.0	0.00820	0.00000	999.00000	0.01800	omega_boundary	1	
c_grandiflora	21857at33090	1660.7	550.3	0.00010	0.00000	3.69000	0.00000	ds_floor	0	ds_floor
c_grandiflora	218947at33090	272.8	84.2	0.00700	0.00000	999.00000	0.01600	omega_boundary	1	
c_grandiflora	219128at33090	253.1	88.9	0.00000	0.17680	0.00010	0.13800	omega_boundary	1	
c_grandiflora	219839at33090	378.1	131.9	0.00560	0.00000	999.00000	0.01200	omega_boundary	1	
c_grandiflora	220316at33090	561.3	194.7	0.03770	0.14300	0.26380	0.19400	ok	1	
c_grandiflora	220587at33090	633.0	207.0	0.02430	0.00000	999.00000	0.05500	omega_boundary	1	
c_grandiflora	220589at33090	1082.7	375.3	0.03850	0.22060	0.17430	0.25600	ok	1	
c_grandiflora	22109at33090	1591.5	553.5	0.02640	0.21050	0.12540	0.22200	ok	1	
c_grandiflora	223902at33090	326.6	111.4	0.00000	0.18230	0.00010	0.13900	omega_boundary	1	
c_grandiflora	225336at33090	483.5	182.5	0.00000	0.00000	0.53660	0.00000	ds_floor	0	ds_floor
c_grandiflora	22618at33090	1797.8	629.2	0.00000	0.00000	3.68020	0.00000	ds_floor	0	ds_floor
c_grandiflora	227848at33090	571.3	184.7	0.00000	0.00000	0.71270	0.00000	ds_floor	0	ds_floor
c_grandiflora	228201at33090	738.4	269.6	0.00080	0.00000	966.06630	0.00200	ds_floor	0	ds_floor
c_grandiflora	22958at33090	2049.7	680.3	0.00000	0.04320	0.00010	0.03200	omega_boundary	1	
c_grandiflora	229764at33090	841.7	301.3	0.01310	0.11530	0.11320	0.12000	ok	1	
c_grandiflora	229778at33090	383.1	165.9	0.05880	0.27370	0.21490	0.37100	ok	1	
c_grandiflora	229782at33090	369.5	125.5	0.00000	0.11920	0.00010	0.09100	omega_boundary	1	
c_grandiflora	230103at33090	1069.6	361.4	0.00000	0.09720	0.00010	0.07400	omega_boundary	1	
c_grandiflora	231151at33090	699.2	230.8	0.00000	0.00000	0.53630	0.00000	ds_floor	0	ds_floor
c_grandiflora	231707at33090	607.6	208.4	0.02090	0.00000	999.00000	0.04700	omega_boundary	1	
c_grandiflora	233744at33090	390.6	143.4	0.00000	0.01280	0.00010	0.01000	omega_boundary	1	
c_grandiflora	23444at33090	1679.8	507.2	0.00000	0.00800	0.00010	0.00600	omega_boundary	1	
c_grandiflora	23853at33090	2009.2	720.8	0.01400	0.13920	0.10030	0.14100	ok	1	
c_grandiflora	24838at33090	2099.3	675.7	0.00730	0.00000	999.00000	0.01700	omega_boundary	1	
c_grandiflora	24at33090	11341.3	3868.7	0.02100	0.15620	0.13470	0.16600	ok	1	
c_grandiflora	25435at33090	2172.2	656.8	0.00000	0.00000	3.11730	0.00000	ds_floor	0	ds_floor
c_grandiflora	255at33090	5732.8	1980.2	0.01860	0.18070	0.10300	0.18100	ok	1	
c_grandiflora	26868at33090	1553.8	540.2	0.03290	0.16450	0.19990	0.20100	ok	1	
c_grandiflora	27237at33090	1793.6	615.4	0.00430	0.00000	999.00000	0.01000	omega_boundary	1	
c_grandiflora	27607at33090	1532.4	555.6	0.00190	0.00000	999.00000	0.00400	omega_boundary	1	
c_grandiflora	28920at33090	1787.4	606.6	0.00000	0.03260	0.00010	0.02500	omega_boundary	1	
c_grandiflora	31855at33090	1560.1	602.9	0.01830	0.10610	0.17280	0.12800	ok	1	
c_grandiflora	32730at33090	1391.2	396.8	0.01520	0.21280	0.07160	0.17700	ok	1	
c_grandiflora	32923at33090	1564.6	505.4	0.05310	0.14050	0.37800	0.22300	ok	1	
c_grandiflora	33264at33090	1347.1	467.9	0.02630	0.18540	0.14190	0.20200	ok	1	
c_grandiflora	34517at33090	1766.4	714.6	0.00000	0.00000	5.59800	0.00000	ds_floor	0	ds_floor
c_grandiflora	35499at33090	1560.1	560.9	0.00550	0.00000	999.00000	0.01200	omega_boundary	1	
c_grandiflora	35887at33090	1940.3	600.7	0.00000	0.02480	0.00010	0.01800	omega_boundary	1	
c_grandiflora	36284at33090	1709.0	610.0	0.00000	0.06980	0.00010	0.05500	omega_boundary	1	
c_grandiflora	37663at33090	1452.7	551.3	0.02420	0.17700	0.13650	0.19900	ok	1	
c_grandiflora	37699at33090	1881.7	593.3	0.00000	0.11410	0.00010	0.08200	omega_boundary	1	
c_grandiflora	39913at33090	1628.6	594.4	0.00000	0.00000	1.68950	0.00000	ds_floor	0	ds_floor
c_grandiflora	4034at33090	3101.8	1044.2	0.03030	0.16000	0.18910	0.18900	ok	1	
c_grandiflora	40630at33090	1761.1	599.9	0.01790	0.15640	0.11440	0.15900	ok	1	
c_grandiflora	41146at33090	1403.9	468.1	0.00000	0.03440	0.00010	0.02600	omega_boundary	1	
c_grandiflora	4115at33090	2478.8	839.2	0.01940	0.09040	0.21500	0.11200	ok	1	
c_grandiflora	41244at33090	1295.5	462.5	0.00000	0.03930	0.00010	0.03100	omega_boundary	1	
c_grandiflora	42407at33090	1288.2	373.8	0.00000	0.02930	0.00010	0.02000	omega_boundary	1	
c_grandiflora	43683at33090	1472.8	495.2	0.00000	0.01020	0.00010	0.00800	omega_boundary	1	
c_grandiflora	43957at33090	2025.9	671.1	0.02250	0.20300	0.11080	0.20200	ok	1	
c_grandiflora	44063at33090	1304.6	411.4	0.02340	0.14500	0.16130	0.15800	ok	1	
c_grandiflora	44526at33090	1442.9	483.1	0.00870	0.00000	999.00000	0.02000	omega_boundary	1	
c_grandiflora	46307at33090	1310.7	450.3	0.00480	0.00000	193.24040	0.01100	ds_floor	0	ds_floor
c_grandiflora	48027at33090	1278.9	431.1	0.00140	0.00000	999.00000	0.00300	omega_boundary	1	
c_grandiflora	48290at33090	1454.4	480.6	0.00000	0.05810	0.00010	0.04300	omega_boundary	1	
c_grandiflora	48645at33090	1364.1	420.9	0.00010	0.00010	0.92260	0.00000	ds_floor	0	ds_floor
c_grandiflora	49092at33090	1241.6	426.4	0.00390	0.00000	999.00000	0.00900	omega_boundary	1	
c_grandiflora	50512at33090	1181.6	339.4	0.05160	0.21960	0.23520	0.26700	ok	1	
c_grandiflora	50528at33090	1243.2	370.8	0.00000	0.00000	1.48180	0.00000	ds_floor	0	ds_floor
c_grandiflora	51214at33090	1390.7	439.3	0.00000	0.08680	0.00010	0.06300	omega_boundary	1	
c_grandiflora	51262at33090	1563.7	545.3	0.00000	0.11040	0.00010	0.08600	omega_boundary	1	
c_grandiflora	52795at33090	1335.4	467.6	0.01290	0.15630	0.08270	0.15000	ok	1	
c_grandiflora	5305at33090	2390.9	699.1	0.05170	0.18520	0.27910	0.24600	ok	1	
c_grandiflora	53416at33090	1075.9	439.1	0.00050	0.00000	43.13300	0.00100	ds_floor	0	ds_floor
c_grandiflora	53527at33090	2158.8	697.2	0.00030	0.00050	0.59890	0.00100	ds_floor	0	ds_floor
c_grandiflora	58672at33090	1018.9	349.1	0.00820	0.00000	999.00000	0.01800	omega_boundary	1	
c_grandiflora	5927at33090	2922.2	1052.8	0.03840	0.17980	0.21350	0.22800	ok	1	
c_grandiflora	60262at33090	1033.8	340.2	0.00160	0.00220	0.73840	0.00500	ok	1	
c_grandiflora	62262at33090	1034.7	360.3	0.00000	0.08260	0.00010	0.06400	omega_boundary	1	
c_grandiflora	63411at33090	1159.7	421.3	0.01910	0.08630	0.22090	0.11100	ok	1	
c_grandiflora	63853at33090	1067.5	348.5	0.01920	0.23590	0.08140	0.21800	ok	1	
c_grandiflora	64272at33090	2067.4	611.6	0.03900	0.16130	0.24160	0.20100	ok	1	
c_grandiflora	6512at33090	2628.8	839.2	0.00000	0.00940	0.00010	0.00700	omega_boundary	1	
c_grandiflora	65263at33090	1355.3	411.7	0.03600	0.21500	0.16730	0.23300	ok	1	
c_grandiflora	67132at33090	1513.5	496.5	0.00000	0.06970	0.00010	0.05200	omega_boundary	1	
c_grandiflora	67389at33090	1223.4	381.6	0.00240	0.00000	999.00000	0.00500	omega_boundary	1	
c_grandiflora	68169at33090	1774.2	655.8	0.00640	0.00000	999.00000	0.01400	omega_boundary	1	
c_grandiflora	6843at33090	1803.1	608.9	0.01390	0.00000	999.00000	0.03100	omega_boundary	1	
c_grandiflora	68537at33090	1018.2	373.8	0.00000	0.02340	0.00010	0.01900	omega_boundary	1	
c_grandiflora	68957at33090	1266.9	443.1	0.02120	0.11960	0.17700	0.14000	ok	1	
c_grandiflora	69073at33090	1041.5	371.5	0.00000	0.00000	4.86850	0.00000	ds_floor	0	ds_floor
c_grandiflora	69137at33090	1263.5	383.5	0.00000	0.06470	0.00010	0.04500	omega_boundary	1	
c_grandiflora	69505at33090	1094.5	288.5	0.03540	0.26420	0.13400	0.24900	ok	1	
c_grandiflora	70613at33090	1026.7	353.3	0.00000	0.09690	0.00010	0.07400	omega_boundary	1	
c_grandiflora	71620at33090	1035.1	326.9	0.00880	0.15490	0.05690	0.13200	ok	1	
c_grandiflora	72992at33090	1302.3	386.7	0.00640	0.00000	999.00000	0.01500	omega_boundary	1	
c_grandiflora	7366at33090	2496.9	725.1	0.01720	0.21080	0.08160	0.18200	ok	1	
c_grandiflora	74230at33090	1071.0	333.0	0.01390	0.17570	0.07900	0.15700	ok	1	
c_grandiflora	74742at33090	1042.3	358.7	0.03730	0.15750	0.23670	0.20400	ok	1	
c_grandiflora	76849at33090	1312.5	454.5	0.02520	0.17330	0.14530	0.19000	ok	1	
c_grandiflora	79950at33090	976.6	337.4	0.04930	0.14390	0.34260	0.22100	ok	1	
c_grandiflora	8072at33090	2133.0	741.0	0.00510	0.07840	0.06490	0.07200	ok	1	
c_grandiflora	83749at33090	1029.6	350.4	0.00330	0.00000	999.00000	0.00700	omega_boundary	1	
c_grandiflora	84264at33090	1727.6	567.4	0.00000	0.00070	0.00010	0.00100	omega_boundary	1	
c_grandiflora	87347at33090	2141.9	714.1	0.02710	0.14290	0.18930	0.16800	ok	1	
c_grandiflora	87734at33090	1035.4	362.6	0.00720	0.00700	1.03570	0.02200	ok	1	
c_grandiflora	88295at33090	1008.8	356.2	0.00000	0.00000	0.20900	0.00000	ds_floor	0	ds_floor
c_grandiflora	88687at33090	988.3	322.7	0.00000	0.00000	0.61220	0.00000	ds_floor	0	ds_floor
c_grandiflora	88771at33090	1233.0	432.0	0.00000	0.00000	0.30180	0.00000	ds_floor	0	ds_floor
c_grandiflora	89796at33090	1484.1	555.9	0.00120	0.05640	0.02100	0.04900	ok	1	
c_grandiflora	90301at33090	1024.2	361.8	0.00300	0.00000	999.00000	0.00700	omega_boundary	1	
c_grandiflora	9044at33090	2350.0	815.0	0.00730	0.00000	727.56310	0.01600	ds_floor	0	ds_floor
c_grandiflora	9058at33090	3281.3	1029.7	0.02030	0.03800	0.53470	0.07400	ok	1	
c_grandiflora	90872at33090	1030.9	331.1	0.00000	0.00000	1.99160	0.00000	ds_floor	0	ds_floor
c_grandiflora	92579at33090	857.3	351.7	0.01930	0.15840	0.12150	0.17900	ok	1	
c_grandiflora	95807at33090	955.8	340.2	0.04990	0.10280	0.48530	0.19100	ok	1	
c_grandiflora	96953at33090	883.8	274.2	0.05510	0.26430	0.20850	0.31400	ok	1	
c_grandiflora	97593at33090	915.7	323.3	0.01670	0.11440	0.14570	0.12700	ok	1	
c_grandiflora	9849at33090	2398.9	823.1	0.03400	0.13560	0.25060	0.18000	ok	1	
